ID;Treatment;Leaf area m2;Compound;Value
VZ_01_Bil_oaks_split10_A_241015_01;meja_ostruh;0,133111;Unknown_1_Standard;755463,5578
VZ_01_Bil_oaks_split10_A_241015_01;meja_ostruh;0,133111;Butan-1-ol_Standard;20818684,79
VZ_01_Bil_oaks_split10_A_241015_01;meja_ostruh;0,133111;Unknown_2_Standard;1335561,331
VZ_01_Bil_oaks_split10_A_241015_01;meja_ostruh;0,133111;Unknown_3_Standard;20218075,77
VZ_01_Bil_oaks_split10_A_241015_01;meja_ostruh;0,133111;Unknown_4_Standard;6238168,377
VZ_01_Bil_oaks_split10_A_241015_01;meja_ostruh;0,133111;Unknown_5_Standard;19391455,74
VZ_01_Bil_oaks_split10_A_241015_01;meja_ostruh;0,133111;Unknown_6_Standard;4620940,325
VZ_01_Bil_oaks_split10_A_241015_01;meja_ostruh;0,133111;(Z)-3-Hexen-1-ol_acetate_Standard;210816503,3
VZ_01_Bil_oaks_split10_A_241015_01;meja_ostruh;0,133111;Unknown_7_Standard;30724,89034
VZ_01_Bil_oaks_split10_A_241015_01;meja_ostruh;0,133111;Unknown_8_Standard;751,2527139
VZ_01_Bil_oaks_split10_A_241015_01;meja_ostruh;0,133111;2-Decen-1-ol_Standard;64767795,62
VZ_01_Bil_oaks_split10_A_241015_01;meja_ostruh;0,133111;Unknown_9_Standard;64401993,71
VZ_01_Bil_oaks_split10_A_241015_01;meja_ostruh;0,133111;Acetic_acid_Standard;14171047,24
VZ_01_Bil_oaks_split10_A_241015_01;meja_ostruh;0,133111;Unknown_10_Standard;56764093,68
VZ_01_Bil_oaks_split10_A_241015_01;meja_ostruh;0,133111;Unknown_11_Standard;4517624,892
VZ_01_Bil_oaks_split10_A_241015_01;meja_ostruh;0,133111;Unknown_12_Standard;25621550,02
VZ_01_Bil_oaks_split10_A_241015_01;meja_ostruh;0,133111;Unknown_13_Standard;3263671,276
VZ_01_Bil_oaks_split10_A_241015_01;meja_ostruh;0,133111;Unknown_14_Standard;3473918,136
VZ_01_Bil_oaks_split10_A_241015_01;meja_ostruh;0,133111;Unknown_15_Standard;6750370,582
VZ_01_Bil_oaks_split10_A_241015_01;meja_ostruh;0,133111;Unknown_17_Standard;23850110,45
VZ_01_Bil_oaks_split10_A_241015_01;meja_ostruh;0,133111;Unknown_16_Standard;58263302,27
VZ_01_Bil_oaks_split10_A_241015_01;meja_ostruh;0,133111;Unknown_18_Standard;847704,9124
VZ_01_Bil_oaks_split10_A_241015_01;meja_ostruh;0,133111;Unknown_19_Standard;1073069,318
VZ_01_Bil_oaks_split10_A_241015_01;meja_ostruh;0,133111;Methyl_salicilate_Standard;504546,6951
VZ_01_Bil_oaks_split10_A_241015_01;meja_ostruh;0,133111;Unknown_20_Standard;2563358,103
VZ_01_Bil_oaks_split10_A_241015_01;meja_ostruh;0,133111;Unknown_21_Standard;811150,9647
VZ_01_Bil_oaks_split10_A_241015_01;meja_ostruh;0,133111;Unknown_22_Standard;3861425,538
VZ_01_Bil_oaks_split10_A_241015_01;meja_ostruh;0,133111;Total_Standard;619733062,8
VZ_02_Bil_oaks_split10_A_241015_01;meja_ostruh;0,205827;Unknown_1_Standard;967877,6816
VZ_02_Bil_oaks_split10_A_241015_01;meja_ostruh;0,205827;Butan-1-ol_Standard;1455567,786
VZ_02_Bil_oaks_split10_A_241015_01;meja_ostruh;0,205827;Unknown_2_Standard;234172,3266
VZ_02_Bil_oaks_split10_A_241015_01;meja_ostruh;0,205827;Unknown_3_Standard;5523823,581
VZ_02_Bil_oaks_split10_A_241015_01;meja_ostruh;0,205827;Unknown_4_Standard;1463771,288
VZ_02_Bil_oaks_split10_A_241015_01;meja_ostruh;0,205827;Unknown_5_Standard;4995997,924
VZ_02_Bil_oaks_split10_A_241015_01;meja_ostruh;0,205827;Unknown_6_Standard;1750800,567
VZ_02_Bil_oaks_split10_A_241015_01;meja_ostruh;0,205827;(Z)-3-Hexen-1-ol_acetate_Standard;14262761,03
VZ_02_Bil_oaks_split10_A_241015_01;meja_ostruh;0,205827;Unknown_7_Standard;89832,87907
VZ_02_Bil_oaks_split10_A_241015_01;meja_ostruh;0,205827;Unknown_8_Standard;485,8449086
VZ_02_Bil_oaks_split10_A_241015_01;meja_ostruh;0,205827;2-Decen-1-ol_Standard;8361906,865
VZ_02_Bil_oaks_split10_A_241015_01;meja_ostruh;0,205827;Unknown_9_Standard;13474754,08
VZ_02_Bil_oaks_split10_A_241015_01;meja_ostruh;0,205827;Acetic_acid_Standard;1945408,355
VZ_02_Bil_oaks_split10_A_241015_01;meja_ostruh;0,205827;Unknown_10_Standard;10727215,84
VZ_02_Bil_oaks_split10_A_241015_01;meja_ostruh;0,205827;Unknown_11_Standard;28991,07784
VZ_02_Bil_oaks_split10_A_241015_01;meja_ostruh;0,205827;Unknown_12_Standard;1256330,671
VZ_02_Bil_oaks_split10_A_241015_01;meja_ostruh;0,205827;Unknown_13_Standard;532139,8057
VZ_02_Bil_oaks_split10_A_241015_01;meja_ostruh;0,205827;Unknown_14_Standard;252805,8657
VZ_02_Bil_oaks_split10_A_241015_01;meja_ostruh;0,205827;Unknown_15_Standard;910740,0356
VZ_02_Bil_oaks_split10_A_241015_01;meja_ostruh;0,205827;Unknown_17_Standard;1636656,168
VZ_02_Bil_oaks_split10_A_241015_01;meja_ostruh;0,205827;Unknown_16_Standard;3539159,742
VZ_02_Bil_oaks_split10_A_241015_01;meja_ostruh;0,205827;Unknown_18_Standard;63259,79612
VZ_02_Bil_oaks_split10_A_241015_01;meja_ostruh;0,205827;Unknown_19_Standard;60982,83853
VZ_02_Bil_oaks_split10_A_241015_01;meja_ostruh;0,205827;Methyl_salicilate_Standard;206206,4872
VZ_02_Bil_oaks_split10_A_241015_01;meja_ostruh;0,205827;Unknown_20_Standard;607214,8874
VZ_02_Bil_oaks_split10_A_241015_01;meja_ostruh;0,205827;Unknown_21_Standard;229107,5977
VZ_02_Bil_oaks_split10_A_241015_01;meja_ostruh;0,205827;Unknown_22_Standard;1155779,332
VZ_02_Bil_oaks_split10_A_241015_01;meja_ostruh;0,205827;Total_Standard;75733750,35
VZ_03_Bil_oaks_split10_A_241015_01;meja_ostruh;0,095097;Unknown_1_Standard;533243,3215
VZ_03_Bil_oaks_split10_A_241015_01;meja_ostruh;0,095097;Butan-1-ol_Standard;10605821,02
VZ_03_Bil_oaks_split10_A_241015_01;meja_ostruh;0,095097;Unknown_2_Standard;542983,3968
VZ_03_Bil_oaks_split10_A_241015_01;meja_ostruh;0,095097;Unknown_3_Standard;2099283,051
VZ_03_Bil_oaks_split10_A_241015_01;meja_ostruh;0,095097;Unknown_4_Standard;500477,2341
VZ_03_Bil_oaks_split10_A_241015_01;meja_ostruh;0,095097;Unknown_5_Standard;8921973,593
VZ_03_Bil_oaks_split10_A_241015_01;meja_ostruh;0,095097;Unknown_6_Standard;1083848,004
VZ_03_Bil_oaks_split10_A_241015_01;meja_ostruh;0,095097;(Z)-3-Hexen-1-ol_acetate_Standard;19139361,38
VZ_03_Bil_oaks_split10_A_241015_01;meja_ostruh;0,095097;Unknown_7_Standard;18382,83262
VZ_03_Bil_oaks_split10_A_241015_01;meja_ostruh;0,095097;Unknown_8_Standard;1051,557883
VZ_03_Bil_oaks_split10_A_241015_01;meja_ostruh;0,095097;2-Decen-1-ol_Standard;12847425,94
VZ_03_Bil_oaks_split10_A_241015_01;meja_ostruh;0,095097;Unknown_9_Standard;17659212,32
VZ_03_Bil_oaks_split10_A_241015_01;meja_ostruh;0,095097;Acetic_acid_Standard;6653889,435
VZ_03_Bil_oaks_split10_A_241015_01;meja_ostruh;0,095097;Unknown_10_Standard;24442742,43
VZ_03_Bil_oaks_split10_A_241015_01;meja_ostruh;0,095097;Unknown_11_Standard;300919,3364
VZ_03_Bil_oaks_split10_A_241015_01;meja_ostruh;0,095097;Unknown_12_Standard;11153707,18
VZ_03_Bil_oaks_split10_A_241015_01;meja_ostruh;0,095097;Unknown_13_Standard;2002674,168
VZ_03_Bil_oaks_split10_A_241015_01;meja_ostruh;0,095097;Unknown_14_Standard;497748,4194
VZ_03_Bil_oaks_split10_A_241015_01;meja_ostruh;0,095097;Unknown_15_Standard;1439236,323
VZ_03_Bil_oaks_split10_A_241015_01;meja_ostruh;0,095097;Unknown_17_Standard;2168238,889
VZ_03_Bil_oaks_split10_A_241015_01;meja_ostruh;0,095097;Unknown_16_Standard;1557069,421
VZ_03_Bil_oaks_split10_A_241015_01;meja_ostruh;0,095097;Unknown_18_Standard;280931,4666
VZ_03_Bil_oaks_split10_A_241015_01;meja_ostruh;0,095097;Unknown_19_Standard;95623,82346
VZ_03_Bil_oaks_split10_A_241015_01;meja_ostruh;0,095097;Methyl_salicilate_Standard;6750777,805
VZ_03_Bil_oaks_split10_A_241015_01;meja_ostruh;0,095097;Unknown_20_Standard;844570,7226
VZ_03_Bil_oaks_split10_A_241015_01;meja_ostruh;0,095097;Unknown_21_Standard;416973,9156
VZ_03_Bil_oaks_split10_A_241015_01;meja_ostruh;0,095097;Unknown_22_Standard;1790808,949
VZ_03_Bil_oaks_split10_A_241015_01;meja_ostruh;0,095097;Total_Standard;134348975,9
VZ_04_Bil_oaks_split10_A_241015_01;meja_ostruh;0,055303;Unknown_1_Standard;163311,5672
VZ_04_Bil_oaks_split10_A_241015_01;meja_ostruh;0,055303;Butan-1-ol_Standard;32175813,03
VZ_04_Bil_oaks_split10_A_241015_01;meja_ostruh;0,055303;Unknown_2_Standard;565581,59
VZ_04_Bil_oaks_split10_A_241015_01;meja_ostruh;0,055303;Unknown_3_Standard;549407,9056
VZ_04_Bil_oaks_split10_A_241015_01;meja_ostruh;0,055303;Unknown_4_Standard;140390,3976
VZ_04_Bil_oaks_split10_A_241015_01;meja_ostruh;0,055303;Unknown_5_Standard;3704256,95
VZ_04_Bil_oaks_split10_A_241015_01;meja_ostruh;0,055303;Unknown_6_Standard;156894,5
VZ_04_Bil_oaks_split10_A_241015_01;meja_ostruh;0,055303;(Z)-3-Hexen-1-ol_acetate_Standard;5607707,724
VZ_04_Bil_oaks_split10_A_241015_01;meja_ostruh;0,055303;Unknown_7_Standard;201581,8774
VZ_04_Bil_oaks_split10_A_241015_01;meja_ostruh;0,055303;Unknown_8_Standard;1808,220169
VZ_04_Bil_oaks_split10_A_241015_01;meja_ostruh;0,055303;2-Decen-1-ol_Standard;30714895,41
VZ_04_Bil_oaks_split10_A_241015_01;meja_ostruh;0,055303;Unknown_9_Standard;3178308,226
VZ_04_Bil_oaks_split10_A_241015_01;meja_ostruh;0,055303;Acetic_acid_Standard;19660611,1
VZ_04_Bil_oaks_split10_A_241015_01;meja_ostruh;0,055303;Unknown_10_Standard;25191068,4
VZ_04_Bil_oaks_split10_A_241015_01;meja_ostruh;0,055303;Unknown_11_Standard;39029,22861
VZ_04_Bil_oaks_split10_A_241015_01;meja_ostruh;0,055303;Unknown_12_Standard;22187249,92
VZ_04_Bil_oaks_split10_A_241015_01;meja_ostruh;0,055303;Unknown_13_Standard;897020,8213
VZ_04_Bil_oaks_split10_A_241015_01;meja_ostruh;0,055303;Unknown_14_Standard;5127340,685
VZ_04_Bil_oaks_split10_A_241015_01;meja_ostruh;0,055303;Unknown_15_Standard;449082,6851
VZ_04_Bil_oaks_split10_A_241015_01;meja_ostruh;0,055303;Unknown_17_Standard;2264331,958
VZ_04_Bil_oaks_split10_A_241015_01;meja_ostruh;0,055303;Unknown_16_Standard;6749131,606
VZ_04_Bil_oaks_split10_A_241015_01;meja_ostruh;0,055303;Unknown_18_Standard;135487,0182
VZ_04_Bil_oaks_split10_A_241015_01;meja_ostruh;0,055303;Unknown_19_Standard;112663,649
VZ_04_Bil_oaks_split10_A_241015_01;meja_ostruh;0,055303;Methyl_salicilate_Standard;1778796,994
VZ_04_Bil_oaks_split10_A_241015_01;meja_ostruh;0,055303;Unknown_20_Standard;1283056,846
VZ_04_Bil_oaks_split10_A_241015_01;meja_ostruh;0,055303;Unknown_21_Standard;11779189,29
VZ_04_Bil_oaks_split10_A_241015_01;meja_ostruh;0,055303;Unknown_22_Standard;1994645,89
VZ_04_Bil_oaks_split10_A_241015_01;meja_ostruh;0,055303;Total_Standard;176808663,5
VZ_05_Bil_oaks_split10_A_241015_01;meja_ostruh;0,110455;Unknown_1_Standard;58044,70649
VZ_05_Bil_oaks_split10_A_241015_01;meja_ostruh;0,110455;Butan-1-ol_Standard;8018700,765
VZ_05_Bil_oaks_split10_A_241015_01;meja_ostruh;0,110455;Unknown_2_Standard;359122,1816
VZ_05_Bil_oaks_split10_A_241015_01;meja_ostruh;0,110455;Unknown_3_Standard;600489,7596
VZ_05_Bil_oaks_split10_A_241015_01;meja_ostruh;0,110455;Unknown_4_Standard;171542,409
VZ_05_Bil_oaks_split10_A_241015_01;meja_ostruh;0,110455;Unknown_5_Standard;2507294,712
VZ_05_Bil_oaks_split10_A_241015_01;meja_ostruh;0,110455;Unknown_6_Standard;146928,5836
VZ_05_Bil_oaks_split10_A_241015_01;meja_ostruh;0,110455;(Z)-3-Hexen-1-ol_acetate_Standard;2772572,436
VZ_05_Bil_oaks_split10_A_241015_01;meja_ostruh;0,110455;Unknown_7_Standard;173524,5637
VZ_05_Bil_oaks_split10_A_241015_01;meja_ostruh;0,110455;Unknown_8_Standard;15974,56646
VZ_05_Bil_oaks_split10_A_241015_01;meja_ostruh;0,110455;2-Decen-1-ol_Standard;18081614,74
VZ_05_Bil_oaks_split10_A_241015_01;meja_ostruh;0,110455;Unknown_9_Standard;2178866,879
VZ_05_Bil_oaks_split10_A_241015_01;meja_ostruh;0,110455;Acetic_acid_Standard;20543651,02
VZ_05_Bil_oaks_split10_A_241015_01;meja_ostruh;0,110455;Unknown_10_Standard;39971262,15
VZ_05_Bil_oaks_split10_A_241015_01;meja_ostruh;0,110455;Unknown_11_Standard;85453,38222
VZ_05_Bil_oaks_split10_A_241015_01;meja_ostruh;0,110455;Unknown_12_Standard;12087622,1
VZ_05_Bil_oaks_split10_A_241015_01;meja_ostruh;0,110455;Unknown_13_Standard;1026149,51
VZ_05_Bil_oaks_split10_A_241015_01;meja_ostruh;0,110455;Unknown_14_Standard;8893080,886
VZ_05_Bil_oaks_split10_A_241015_01;meja_ostruh;0,110455;Unknown_15_Standard;1067383,646
VZ_05_Bil_oaks_split10_A_241015_01;meja_ostruh;0,110455;Unknown_17_Standard;1618781,726
VZ_05_Bil_oaks_split10_A_241015_01;meja_ostruh;0,110455;Unknown_16_Standard;6816205,498
VZ_05_Bil_oaks_split10_A_241015_01;meja_ostruh;0,110455;Unknown_18_Standard;114829,7836
VZ_05_Bil_oaks_split10_A_241015_01;meja_ostruh;0,110455;Unknown_19_Standard;62910,09606
VZ_05_Bil_oaks_split10_A_241015_01;meja_ostruh;0,110455;Methyl_salicilate_Standard;797296,4597
VZ_05_Bil_oaks_split10_A_241015_01;meja_ostruh;0,110455;Unknown_20_Standard;1358307,498
VZ_05_Bil_oaks_split10_A_241015_01;meja_ostruh;0,110455;Unknown_21_Standard;10214252,58
VZ_05_Bil_oaks_split10_A_241015_01;meja_ostruh;0,110455;Unknown_22_Standard;699905,6658
VZ_05_Bil_oaks_split10_A_241015_01;meja_ostruh;0,110455;Total_Standard;140441768,3
VZ_06_Bil_oaks_split10_A_241015_01;meja_ostruh;0,071947;Unknown_1_Standard;133682,3275
VZ_06_Bil_oaks_split10_A_241015_01;meja_ostruh;0,071947;Butan-1-ol_Standard;11134084,17
VZ_06_Bil_oaks_split10_A_241015_01;meja_ostruh;0,071947;Unknown_2_Standard;761658,1557
VZ_06_Bil_oaks_split10_A_241015_01;meja_ostruh;0,071947;Unknown_3_Standard;1379230,784
VZ_06_Bil_oaks_split10_A_241015_01;meja_ostruh;0,071947;Unknown_4_Standard;429284,6874
VZ_06_Bil_oaks_split10_A_241015_01;meja_ostruh;0,071947;Unknown_5_Standard;9290396,054
VZ_06_Bil_oaks_split10_A_241015_01;meja_ostruh;0,071947;Unknown_6_Standard;1043042,77
VZ_06_Bil_oaks_split10_A_241015_01;meja_ostruh;0,071947;(Z)-3-Hexen-1-ol_acetate_Standard;9056098,031
VZ_06_Bil_oaks_split10_A_241015_01;meja_ostruh;0,071947;Unknown_7_Standard;84861,14832
VZ_06_Bil_oaks_split10_A_241015_01;meja_ostruh;0,071947;Unknown_8_Standard;9355,399989
VZ_06_Bil_oaks_split10_A_241015_01;meja_ostruh;0,071947;2-Decen-1-ol_Standard;13561965,54
VZ_06_Bil_oaks_split10_A_241015_01;meja_ostruh;0,071947;Unknown_9_Standard;19505154,52
VZ_06_Bil_oaks_split10_A_241015_01;meja_ostruh;0,071947;Acetic_acid_Standard;6348138,623
VZ_06_Bil_oaks_split10_A_241015_01;meja_ostruh;0,071947;Unknown_10_Standard;24870065,54
VZ_06_Bil_oaks_split10_A_241015_01;meja_ostruh;0,071947;Unknown_11_Standard;95337,14162
VZ_06_Bil_oaks_split10_A_241015_01;meja_ostruh;0,071947;Unknown_12_Standard;5823196,182
VZ_06_Bil_oaks_split10_A_241015_01;meja_ostruh;0,071947;Unknown_13_Standard;2854772,772
VZ_06_Bil_oaks_split10_A_241015_01;meja_ostruh;0,071947;Unknown_14_Standard;286043,2045
VZ_06_Bil_oaks_split10_A_241015_01;meja_ostruh;0,071947;Unknown_15_Standard;1470285,282
VZ_06_Bil_oaks_split10_A_241015_01;meja_ostruh;0,071947;Unknown_17_Standard;1290884,883
VZ_06_Bil_oaks_split10_A_241015_01;meja_ostruh;0,071947;Unknown_16_Standard;7433256,35
VZ_06_Bil_oaks_split10_A_241015_01;meja_ostruh;0,071947;Unknown_18_Standard;101501,607
VZ_06_Bil_oaks_split10_A_241015_01;meja_ostruh;0,071947;Unknown_19_Standard;153386,7699
VZ_06_Bil_oaks_split10_A_241015_01;meja_ostruh;0,071947;Methyl_salicilate_Standard;1048308,381
VZ_06_Bil_oaks_split10_A_241015_01;meja_ostruh;0,071947;Unknown_20_Standard;1166877,358
VZ_06_Bil_oaks_split10_A_241015_01;meja_ostruh;0,071947;Unknown_21_Standard;633243,5275
VZ_06_Bil_oaks_split10_A_241015_01;meja_ostruh;0,071947;Unknown_22_Standard;678544,6408
VZ_06_Bil_oaks_split10_A_241015_01;meja_ostruh;0,071947;Total_Standard;120642655,8
VZ_07_Bil_oaks_split10_A_241015_01;meja_ostruh;0,120528;Unknown_1_Standard;92448,47015
VZ_07_Bil_oaks_split10_A_241015_01;meja_ostruh;0,120528;Butan-1-ol_Standard;14529465,75
VZ_07_Bil_oaks_split10_A_241015_01;meja_ostruh;0,120528;Unknown_2_Standard;309917,4234
VZ_07_Bil_oaks_split10_A_241015_01;meja_ostruh;0,120528;Unknown_3_Standard;237857,5508
VZ_07_Bil_oaks_split10_A_241015_01;meja_ostruh;0,120528;Unknown_4_Standard;23574,8588
VZ_07_Bil_oaks_split10_A_241015_01;meja_ostruh;0,120528;Unknown_5_Standard;1556363,831
VZ_07_Bil_oaks_split10_A_241015_01;meja_ostruh;0,120528;Unknown_6_Standard;46686,31559
VZ_07_Bil_oaks_split10_A_241015_01;meja_ostruh;0,120528;(Z)-3-Hexen-1-ol_acetate_Standard;1894110,583
VZ_07_Bil_oaks_split10_A_241015_01;meja_ostruh;0,120528;Unknown_7_Standard;37750,71756
VZ_07_Bil_oaks_split10_A_241015_01;meja_ostruh;0,120528;Unknown_8_Standard;4478,129171
VZ_07_Bil_oaks_split10_A_241015_01;meja_ostruh;0,120528;2-Decen-1-ol_Standard;11959332,46
VZ_07_Bil_oaks_split10_A_241015_01;meja_ostruh;0,120528;Unknown_9_Standard;1399705,265
VZ_07_Bil_oaks_split10_A_241015_01;meja_ostruh;0,120528;Acetic_acid_Standard;9439461,534
VZ_07_Bil_oaks_split10_A_241015_01;meja_ostruh;0,120528;Unknown_10_Standard;11313994,49
VZ_07_Bil_oaks_split10_A_241015_01;meja_ostruh;0,120528;Unknown_11_Standard;20090,42913
VZ_07_Bil_oaks_split10_A_241015_01;meja_ostruh;0,120528;Unknown_12_Standard;10158634,78
VZ_07_Bil_oaks_split10_A_241015_01;meja_ostruh;0,120528;Unknown_13_Standard;304628,4182
VZ_07_Bil_oaks_split10_A_241015_01;meja_ostruh;0,120528;Unknown_14_Standard;2505887,891
VZ_07_Bil_oaks_split10_A_241015_01;meja_ostruh;0,120528;Unknown_15_Standard;271085,6211
VZ_07_Bil_oaks_split10_A_241015_01;meja_ostruh;0,120528;Unknown_17_Standard;1620968,723
VZ_07_Bil_oaks_split10_A_241015_01;meja_ostruh;0,120528;Unknown_16_Standard;2746214,245
VZ_07_Bil_oaks_split10_A_241015_01;meja_ostruh;0,120528;Unknown_18_Standard;86094,2423
VZ_07_Bil_oaks_split10_A_241015_01;meja_ostruh;0,120528;Unknown_19_Standard;20011,67247
VZ_07_Bil_oaks_split10_A_241015_01;meja_ostruh;0,120528;Methyl_salicilate_Standard;563266,0673
VZ_07_Bil_oaks_split10_A_241015_01;meja_ostruh;0,120528;Unknown_20_Standard;798429,2241
VZ_07_Bil_oaks_split10_A_241015_01;meja_ostruh;0,120528;Unknown_21_Standard;6067535,098
VZ_07_Bil_oaks_split10_A_241015_01;meja_ostruh;0,120528;Unknown_22_Standard;815498,7704
VZ_07_Bil_oaks_split10_A_241015_01;meja_ostruh;0,120528;Total_Standard;78823492,55
VZ_08_Bil_oaks_split10_A_241015_01;meja_ostruh;0,08253;Unknown_1_Standard;231890,1358
VZ_08_Bil_oaks_split10_A_241015_01;meja_ostruh;0,08253;Butan-1-ol_Standard;11939730,45
VZ_08_Bil_oaks_split10_A_241015_01;meja_ostruh;0,08253;Unknown_2_Standard;186333,329
VZ_08_Bil_oaks_split10_A_241015_01;meja_ostruh;0,08253;Unknown_3_Standard;1561010,089
VZ_08_Bil_oaks_split10_A_241015_01;meja_ostruh;0,08253;Unknown_4_Standard;193913,7915
VZ_08_Bil_oaks_split10_A_241015_01;meja_ostruh;0,08253;Unknown_5_Standard;6091943,368
VZ_08_Bil_oaks_split10_A_241015_01;meja_ostruh;0,08253;Unknown_6_Standard;573170,7855
VZ_08_Bil_oaks_split10_A_241015_01;meja_ostruh;0,08253;(Z)-3-Hexen-1-ol_acetate_Standard;29591542,75
VZ_08_Bil_oaks_split10_A_241015_01;meja_ostruh;0,08253;Unknown_7_Standard;68539,14548
VZ_08_Bil_oaks_split10_A_241015_01;meja_ostruh;0,08253;Unknown_8_Standard;1211,680601
VZ_08_Bil_oaks_split10_A_241015_01;meja_ostruh;0,08253;2-Decen-1-ol_Standard;13011399,92
VZ_08_Bil_oaks_split10_A_241015_01;meja_ostruh;0,08253;Unknown_9_Standard;13848920,05
VZ_08_Bil_oaks_split10_A_241015_01;meja_ostruh;0,08253;Acetic_acid_Standard;5054606,893
VZ_08_Bil_oaks_split10_A_241015_01;meja_ostruh;0,08253;Unknown_10_Standard;16301232,32
VZ_08_Bil_oaks_split10_A_241015_01;meja_ostruh;0,08253;Unknown_11_Standard;114383,8687
VZ_08_Bil_oaks_split10_A_241015_01;meja_ostruh;0,08253;Unknown_12_Standard;13386505,24
VZ_08_Bil_oaks_split10_A_241015_01;meja_ostruh;0,08253;Unknown_13_Standard;1473765,162
VZ_08_Bil_oaks_split10_A_241015_01;meja_ostruh;0,08253;Unknown_14_Standard;675251,4332
VZ_08_Bil_oaks_split10_A_241015_01;meja_ostruh;0,08253;Unknown_15_Standard;948632,7829
VZ_08_Bil_oaks_split10_A_241015_01;meja_ostruh;0,08253;Unknown_17_Standard;1249068,631
VZ_08_Bil_oaks_split10_A_241015_01;meja_ostruh;0,08253;Unknown_16_Standard;521460,6093
VZ_08_Bil_oaks_split10_A_241015_01;meja_ostruh;0,08253;Unknown_18_Standard;115981,0733
VZ_08_Bil_oaks_split10_A_241015_01;meja_ostruh;0,08253;Unknown_19_Standard;35773,6973
VZ_08_Bil_oaks_split10_A_241015_01;meja_ostruh;0,08253;Methyl_salicilate_Standard;9687495,824
VZ_08_Bil_oaks_split10_A_241015_01;meja_ostruh;0,08253;Unknown_20_Standard;700449,0052
VZ_08_Bil_oaks_split10_A_241015_01;meja_ostruh;0,08253;Unknown_21_Standard;772460,1736
VZ_08_Bil_oaks_split10_A_241015_01;meja_ostruh;0,08253;Unknown_22_Standard;671950,4251
VZ_08_Bil_oaks_split10_A_241015_01;meja_ostruh;0,08253;Total_Standard;129008622,6
VZ_09_Bil_oaks_split10_A_241015_01;meja_pid;0,144942;Unknown_1_Standard;126307,1566
VZ_09_Bil_oaks_split10_A_241015_01;meja_pid;0,144942;Butan-1-ol_Standard;9849801,645
VZ_09_Bil_oaks_split10_A_241015_01;meja_pid;0,144942;Unknown_2_Standard;293197,6836
VZ_09_Bil_oaks_split10_A_241015_01;meja_pid;0,144942;Unknown_3_Standard;1352997,145
VZ_09_Bil_oaks_split10_A_241015_01;meja_pid;0,144942;Unknown_4_Standard;254967,2483
VZ_09_Bil_oaks_split10_A_241015_01;meja_pid;0,144942;Unknown_5_Standard;4638379,385
VZ_09_Bil_oaks_split10_A_241015_01;meja_pid;0,144942;Unknown_6_Standard;480539,4415
VZ_09_Bil_oaks_split10_A_241015_01;meja_pid;0,144942;(Z)-3-Hexen-1-ol_acetate_Standard;4538164,508
VZ_09_Bil_oaks_split10_A_241015_01;meja_pid;0,144942;Unknown_7_Standard;50968,706
VZ_09_Bil_oaks_split10_A_241015_01;meja_pid;0,144942;Unknown_8_Standard;2469,517323
VZ_09_Bil_oaks_split10_A_241015_01;meja_pid;0,144942;2-Decen-1-ol_Standard;3983112,033
VZ_09_Bil_oaks_split10_A_241015_01;meja_pid;0,144942;Unknown_9_Standard;7063925,798
VZ_09_Bil_oaks_split10_A_241015_01;meja_pid;0,144942;Acetic_acid_Standard;2457196,559
VZ_09_Bil_oaks_split10_A_241015_01;meja_pid;0,144942;Unknown_10_Standard;9797189,093
VZ_09_Bil_oaks_split10_A_241015_01;meja_pid;0,144942;Unknown_11_Standard;682691,3213
VZ_09_Bil_oaks_split10_A_241015_01;meja_pid;0,144942;Unknown_12_Standard;9341362,828
VZ_09_Bil_oaks_split10_A_241015_01;meja_pid;0,144942;Unknown_13_Standard;840297,9196
VZ_09_Bil_oaks_split10_A_241015_01;meja_pid;0,144942;Unknown_14_Standard;157706,1201
VZ_09_Bil_oaks_split10_A_241015_01;meja_pid;0,144942;Unknown_15_Standard;493424,711
VZ_09_Bil_oaks_split10_A_241015_01;meja_pid;0,144942;Unknown_17_Standard;459809,7165
VZ_09_Bil_oaks_split10_A_241015_01;meja_pid;0,144942;Unknown_16_Standard;605187,2709
VZ_09_Bil_oaks_split10_A_241015_01;meja_pid;0,144942;Unknown_18_Standard;119359,3566
VZ_09_Bil_oaks_split10_A_241015_01;meja_pid;0,144942;Unknown_19_Standard;74720,4706
VZ_09_Bil_oaks_split10_A_241015_01;meja_pid;0,144942;Methyl_salicilate_Standard;4239701,309
VZ_09_Bil_oaks_split10_A_241015_01;meja_pid;0,144942;Unknown_20_Standard;369437,7091
VZ_09_Bil_oaks_split10_A_241015_01;meja_pid;0,144942;Unknown_21_Standard;112146,2517
VZ_09_Bil_oaks_split10_A_241015_01;meja_pid;0,144942;Unknown_22_Standard;168613,8569
VZ_09_Bil_oaks_split10_A_241015_01;meja_pid;0,144942;Total_Standard;62553674,76
VZ_10_Bil_oaks_split10_A_241015_01;meja_pid;0,177873;Unknown_1_Standard;25829,46506
VZ_10_Bil_oaks_split10_A_241015_01;meja_pid;0,177873;Butan-1-ol_Standard;6360703,731
VZ_10_Bil_oaks_split10_A_241015_01;meja_pid;0,177873;Unknown_2_Standard;106372,8545
VZ_10_Bil_oaks_split10_A_241015_01;meja_pid;0,177873;Unknown_3_Standard;376270,8635
VZ_10_Bil_oaks_split10_A_241015_01;meja_pid;0,177873;Unknown_4_Standard;84012,95164
VZ_10_Bil_oaks_split10_A_241015_01;meja_pid;0,177873;Unknown_5_Standard;2332716,012
VZ_10_Bil_oaks_split10_A_241015_01;meja_pid;0,177873;Unknown_6_Standard;263347,9527
VZ_10_Bil_oaks_split10_A_241015_01;meja_pid;0,177873;(Z)-3-Hexen-1-ol_acetate_Standard;3217329,297
VZ_10_Bil_oaks_split10_A_241015_01;meja_pid;0,177873;Unknown_7_Standard;7806,18332
VZ_10_Bil_oaks_split10_A_241015_01;meja_pid;0,177873;Unknown_8_Standard;4858,446615
VZ_10_Bil_oaks_split10_A_241015_01;meja_pid;0,177873;2-Decen-1-ol_Standard;3166355,406
VZ_10_Bil_oaks_split10_A_241015_01;meja_pid;0,177873;Unknown_9_Standard;4139726,344
VZ_10_Bil_oaks_split10_A_241015_01;meja_pid;0,177873;Acetic_acid_Standard;2024483,153
VZ_10_Bil_oaks_split10_A_241015_01;meja_pid;0,177873;Unknown_10_Standard;9155018,667
VZ_10_Bil_oaks_split10_A_241015_01;meja_pid;0,177873;Unknown_11_Standard;17829,48081
VZ_10_Bil_oaks_split10_A_241015_01;meja_pid;0,177873;Unknown_12_Standard;1917630,262
VZ_10_Bil_oaks_split10_A_241015_01;meja_pid;0,177873;Unknown_13_Standard;392623,3699
VZ_10_Bil_oaks_split10_A_241015_01;meja_pid;0,177873;Unknown_14_Standard;254902,795
VZ_10_Bil_oaks_split10_A_241015_01;meja_pid;0,177873;Unknown_15_Standard;409450,4965
VZ_10_Bil_oaks_split10_A_241015_01;meja_pid;0,177873;Unknown_17_Standard;1162721,339
VZ_10_Bil_oaks_split10_A_241015_01;meja_pid;0,177873;Unknown_16_Standard;210487,9595
VZ_10_Bil_oaks_split10_A_241015_01;meja_pid;0,177873;Unknown_18_Standard;82171,20578
VZ_10_Bil_oaks_split10_A_241015_01;meja_pid;0,177873;Unknown_19_Standard;6724,706561
VZ_10_Bil_oaks_split10_A_241015_01;meja_pid;0,177873;Methyl_salicilate_Standard;2178665,63
VZ_10_Bil_oaks_split10_A_241015_01;meja_pid;0,177873;Unknown_20_Standard;289873,3403
VZ_10_Bil_oaks_split10_A_241015_01;meja_pid;0,177873;Unknown_21_Standard;25348,37222
VZ_10_Bil_oaks_split10_A_241015_01;meja_pid;0,177873;Unknown_22_Standard;1197701,174
VZ_10_Bil_oaks_split10_A_241015_01;meja_pid;0,177873;Total_Standard;39410961,46
VZ_11_Bil_oaks_split10_A_241015_02;meja_pid;0,079562;Unknown_1_Standard;60595,86898
VZ_11_Bil_oaks_split10_A_241015_02;meja_pid;0,079562;Butan-1-ol_Standard;5735201,877
VZ_11_Bil_oaks_split10_A_241015_02;meja_pid;0,079562;Unknown_2_Standard;396725,1042
VZ_11_Bil_oaks_split10_A_241015_02;meja_pid;0,079562;Unknown_3_Standard;1059892,429
VZ_11_Bil_oaks_split10_A_241015_02;meja_pid;0,079562;Unknown_4_Standard;200398,7468
VZ_11_Bil_oaks_split10_A_241015_02;meja_pid;0,079562;Unknown_5_Standard;5630827,51
VZ_11_Bil_oaks_split10_A_241015_02;meja_pid;0,079562;Unknown_6_Standard;508396,5181
VZ_11_Bil_oaks_split10_A_241015_02;meja_pid;0,079562;(Z)-3-Hexen-1-ol_acetate_Standard;8354677,812
VZ_11_Bil_oaks_split10_A_241015_02;meja_pid;0,079562;Unknown_7_Standard;68049,08215
VZ_11_Bil_oaks_split10_A_241015_02;meja_pid;0,079562;Unknown_8_Standard;6615,219708
VZ_11_Bil_oaks_split10_A_241015_02;meja_pid;0,079562;2-Decen-1-ol_Standard;8660120,533
VZ_11_Bil_oaks_split10_A_241015_02;meja_pid;0,079562;Unknown_9_Standard;6891707,209
VZ_11_Bil_oaks_split10_A_241015_02;meja_pid;0,079562;Acetic_acid_Standard;5620712,567
VZ_11_Bil_oaks_split10_A_241015_02;meja_pid;0,079562;Unknown_10_Standard;10178740,16
VZ_11_Bil_oaks_split10_A_241015_02;meja_pid;0,079562;Unknown_11_Standard;187341,4118
VZ_11_Bil_oaks_split10_A_241015_02;meja_pid;0,079562;Unknown_12_Standard;255778,3036
VZ_11_Bil_oaks_split10_A_241015_02;meja_pid;0,079562;Unknown_13_Standard;1225044,635
VZ_11_Bil_oaks_split10_A_241015_02;meja_pid;0,079562;Unknown_14_Standard;325995,8906
VZ_11_Bil_oaks_split10_A_241015_02;meja_pid;0,079562;Unknown_15_Standard;744290,2932
VZ_11_Bil_oaks_split10_A_241015_02;meja_pid;0,079562;Unknown_17_Standard;765620,7249
VZ_11_Bil_oaks_split10_A_241015_02;meja_pid;0,079562;Unknown_16_Standard;3405719,34
VZ_11_Bil_oaks_split10_A_241015_02;meja_pid;0,079562;Unknown_18_Standard;20788,35473
VZ_11_Bil_oaks_split10_A_241015_02;meja_pid;0,079562;Unknown_19_Standard;75326,21806
VZ_11_Bil_oaks_split10_A_241015_02;meja_pid;0,079562;Methyl_salicilate_Standard;1273907,74
VZ_11_Bil_oaks_split10_A_241015_02;meja_pid;0,079562;Unknown_20_Standard;937619,7191
VZ_11_Bil_oaks_split10_A_241015_02;meja_pid;0,079562;Unknown_21_Standard;557739,1225
VZ_11_Bil_oaks_split10_A_241015_02;meja_pid;0,079562;Unknown_22_Standard;543982,0438
VZ_11_Bil_oaks_split10_A_241015_02;meja_pid;0,079562;Total_Standard;63691814,43
VZ_12_Bil_oaks_split10_A_241015_02;meja_pid;0,162518;Unknown_1_Standard;212741,2136
VZ_12_Bil_oaks_split10_A_241015_02;meja_pid;0,162518;Butan-1-ol_Standard;3471557,904
VZ_12_Bil_oaks_split10_A_241015_02;meja_pid;0,162518;Unknown_2_Standard;311572,8906
VZ_12_Bil_oaks_split10_A_241015_02;meja_pid;0,162518;Unknown_3_Standard;895227,2168
VZ_12_Bil_oaks_split10_A_241015_02;meja_pid;0,162518;Unknown_4_Standard;223239,9352
VZ_12_Bil_oaks_split10_A_241015_02;meja_pid;0,162518;Unknown_5_Standard;3995941,31
VZ_12_Bil_oaks_split10_A_241015_02;meja_pid;0,162518;Unknown_6_Standard;299371,3336
VZ_12_Bil_oaks_split10_A_241015_02;meja_pid;0,162518;(Z)-3-Hexen-1-ol_acetate_Standard;3116708,23
VZ_12_Bil_oaks_split10_A_241015_02;meja_pid;0,162518;Unknown_7_Standard;33975,70365
VZ_12_Bil_oaks_split10_A_241015_02;meja_pid;0,162518;Unknown_8_Standard;615,3164573
VZ_12_Bil_oaks_split10_A_241015_02;meja_pid;0,162518;2-Decen-1-ol_Standard;5208332,495
VZ_12_Bil_oaks_split10_A_241015_02;meja_pid;0,162518;Unknown_9_Standard;6992114,537
VZ_12_Bil_oaks_split10_A_241015_02;meja_pid;0,162518;Acetic_acid_Standard;3113597,604
VZ_12_Bil_oaks_split10_A_241015_02;meja_pid;0,162518;Unknown_10_Standard;8917486,994
VZ_12_Bil_oaks_split10_A_241015_02;meja_pid;0,162518;Unknown_11_Standard;72333,30189
VZ_12_Bil_oaks_split10_A_241015_02;meja_pid;0,162518;Unknown_12_Standard;4534367,171
VZ_12_Bil_oaks_split10_A_241015_02;meja_pid;0,162518;Unknown_13_Standard;886506,4468
VZ_12_Bil_oaks_split10_A_241015_02;meja_pid;0,162518;Unknown_14_Standard;333301,2005
VZ_12_Bil_oaks_split10_A_241015_02;meja_pid;0,162518;Unknown_15_Standard;532516,2355
VZ_12_Bil_oaks_split10_A_241015_02;meja_pid;0,162518;Unknown_17_Standard;836002,6513
VZ_12_Bil_oaks_split10_A_241015_02;meja_pid;0,162518;Unknown_16_Standard;3159966,339
VZ_12_Bil_oaks_split10_A_241015_02;meja_pid;0,162518;Unknown_18_Standard;75382,46567
VZ_12_Bil_oaks_split10_A_241015_02;meja_pid;0,162518;Unknown_19_Standard;53411,27786
VZ_12_Bil_oaks_split10_A_241015_02;meja_pid;0,162518;Methyl_salicilate_Standard;128699,3509
VZ_12_Bil_oaks_split10_A_241015_02;meja_pid;0,162518;Unknown_20_Standard;607090,7949
VZ_12_Bil_oaks_split10_A_241015_02;meja_pid;0,162518;Unknown_21_Standard;113781,0064
VZ_12_Bil_oaks_split10_A_241015_02;meja_pid;0,162518;Unknown_22_Standard;409999,303
VZ_12_Bil_oaks_split10_A_241015_02;meja_pid;0,162518;Total_Standard;48535840,23
VZ_13_Bil_oaks_split10_A_241015_02;meja_pid;0,110322;Unknown_1_Standard;906,4375193
VZ_13_Bil_oaks_split10_A_241015_02;meja_pid;0,110322;Butan-1-ol_Standard;443929,037
VZ_13_Bil_oaks_split10_A_241015_02;meja_pid;0,110322;Unknown_2_Standard;440343,9211
VZ_13_Bil_oaks_split10_A_241015_02;meja_pid;0,110322;Unknown_3_Standard;1178483,697
VZ_13_Bil_oaks_split10_A_241015_02;meja_pid;0,110322;Unknown_4_Standard;432360,2726
VZ_13_Bil_oaks_split10_A_241015_02;meja_pid;0,110322;Unknown_5_Standard;6335342,398
VZ_13_Bil_oaks_split10_A_241015_02;meja_pid;0,110322;Unknown_6_Standard;668458,4202
VZ_13_Bil_oaks_split10_A_241015_02;meja_pid;0,110322;(Z)-3-Hexen-1-ol_acetate_Standard;3807533,182
VZ_13_Bil_oaks_split10_A_241015_02;meja_pid;0,110322;Unknown_7_Standard;52668,98175
VZ_13_Bil_oaks_split10_A_241015_02;meja_pid;0,110322;Unknown_8_Standard;7120,704429
VZ_13_Bil_oaks_split10_A_241015_02;meja_pid;0,110322;2-Decen-1-ol_Standard;12069081,41
VZ_13_Bil_oaks_split10_A_241015_02;meja_pid;0,110322;Unknown_9_Standard;5836279,869
VZ_13_Bil_oaks_split10_A_241015_02;meja_pid;0,110322;Acetic_acid_Standard;5067461,693
VZ_13_Bil_oaks_split10_A_241015_02;meja_pid;0,110322;Unknown_10_Standard;12563999,34
VZ_13_Bil_oaks_split10_A_241015_02;meja_pid;0,110322;Unknown_11_Standard;7161,689201
VZ_13_Bil_oaks_split10_A_241015_02;meja_pid;0,110322;Unknown_12_Standard;9680981,435
VZ_13_Bil_oaks_split10_A_241015_02;meja_pid;0,110322;Unknown_13_Standard;1934802,782
VZ_13_Bil_oaks_split10_A_241015_02;meja_pid;0,110322;Unknown_14_Standard;371497,036
VZ_13_Bil_oaks_split10_A_241015_02;meja_pid;0,110322;Unknown_15_Standard;710354,6482
VZ_13_Bil_oaks_split10_A_241015_02;meja_pid;0,110322;Unknown_17_Standard;1713721,979
VZ_13_Bil_oaks_split10_A_241015_02;meja_pid;0,110322;Unknown_16_Standard;5797198,211
VZ_13_Bil_oaks_split10_A_241015_02;meja_pid;0,110322;Unknown_18_Standard;69770,65757
VZ_13_Bil_oaks_split10_A_241015_02;meja_pid;0,110322;Unknown_19_Standard;203616,9386
VZ_13_Bil_oaks_split10_A_241015_02;meja_pid;0,110322;Methyl_salicilate_Standard;914801,3865
VZ_13_Bil_oaks_split10_A_241015_02;meja_pid;0,110322;Unknown_20_Standard;727240,246
VZ_13_Bil_oaks_split10_A_241015_02;meja_pid;0,110322;Unknown_21_Standard;322933,1949
VZ_13_Bil_oaks_split10_A_241015_02;meja_pid;0,110322;Unknown_22_Standard;749578,4484
VZ_13_Bil_oaks_split10_A_241015_02;meja_pid;0,110322;Total_Standard;72107628,02
VZ_14_Bil_oaks_split10_A_241015_02;meja_pid;0,168033;Unknown_1_Standard;42978,35982
VZ_14_Bil_oaks_split10_A_241015_02;meja_pid;0,168033;Butan-1-ol_Standard;2812253,155
VZ_14_Bil_oaks_split10_A_241015_02;meja_pid;0,168033;Unknown_2_Standard;289851,2647
VZ_14_Bil_oaks_split10_A_241015_02;meja_pid;0,168033;Unknown_3_Standard;1336070,958
VZ_14_Bil_oaks_split10_A_241015_02;meja_pid;0,168033;Unknown_4_Standard;177329,8354
VZ_14_Bil_oaks_split10_A_241015_02;meja_pid;0,168033;Unknown_5_Standard;3658550,949
VZ_14_Bil_oaks_split10_A_241015_02;meja_pid;0,168033;Unknown_6_Standard;390138,4109
VZ_14_Bil_oaks_split10_A_241015_02;meja_pid;0,168033;(Z)-3-Hexen-1-ol_acetate_Standard;1543279,628
VZ_14_Bil_oaks_split10_A_241015_02;meja_pid;0,168033;Unknown_7_Standard;8391,492949
VZ_14_Bil_oaks_split10_A_241015_02;meja_pid;0,168033;Unknown_8_Standard;10012,31163
VZ_14_Bil_oaks_split10_A_241015_02;meja_pid;0,168033;2-Decen-1-ol_Standard;4665148,382
VZ_14_Bil_oaks_split10_A_241015_02;meja_pid;0,168033;Unknown_9_Standard;6241859,477
VZ_14_Bil_oaks_split10_A_241015_02;meja_pid;0,168033;Acetic_acid_Standard;3200759,964
VZ_14_Bil_oaks_split10_A_241015_02;meja_pid;0,168033;Unknown_10_Standard;6628904,767
VZ_14_Bil_oaks_split10_A_241015_02;meja_pid;0,168033;Unknown_11_Standard;12662,10813
VZ_14_Bil_oaks_split10_A_241015_02;meja_pid;0,168033;Unknown_12_Standard;7320613,074
VZ_14_Bil_oaks_split10_A_241015_02;meja_pid;0,168033;Unknown_13_Standard;768506,2452
VZ_14_Bil_oaks_split10_A_241015_02;meja_pid;0,168033;Unknown_14_Standard;208187,9361
VZ_14_Bil_oaks_split10_A_241015_02;meja_pid;0,168033;Unknown_15_Standard;483200,5665
VZ_14_Bil_oaks_split10_A_241015_02;meja_pid;0,168033;Unknown_17_Standard;892720,8222
VZ_14_Bil_oaks_split10_A_241015_02;meja_pid;0,168033;Unknown_16_Standard;1942109,321
VZ_14_Bil_oaks_split10_A_241015_02;meja_pid;0,168033;Unknown_18_Standard;30687,21279
VZ_14_Bil_oaks_split10_A_241015_02;meja_pid;0,168033;Unknown_19_Standard;43555,69247
VZ_14_Bil_oaks_split10_A_241015_02;meja_pid;0,168033;Methyl_salicilate_Standard;172366,7626
VZ_14_Bil_oaks_split10_A_241015_02;meja_pid;0,168033;Unknown_20_Standard;262280,8584
VZ_14_Bil_oaks_split10_A_241015_02;meja_pid;0,168033;Unknown_21_Standard;315067,8214
VZ_14_Bil_oaks_split10_A_241015_02;meja_pid;0,168033;Unknown_22_Standard;224728,7119
VZ_14_Bil_oaks_split10_A_241015_02;meja_pid;0,168033;Total_Standard;43682216,09
VZ_15_Bil_oaks_split10_A_241015_02;meja_pid;0,127151;Unknown_1_Standard;71352,21175
VZ_15_Bil_oaks_split10_A_241015_02;meja_pid;0,127151;Butan-1-ol_Standard;5089615,897
VZ_15_Bil_oaks_split10_A_241015_02;meja_pid;0,127151;Unknown_2_Standard;267732,7389
VZ_15_Bil_oaks_split10_A_241015_02;meja_pid;0,127151;Unknown_3_Standard;1202892,326
VZ_15_Bil_oaks_split10_A_241015_02;meja_pid;0,127151;Unknown_4_Standard;166289,0931
VZ_15_Bil_oaks_split10_A_241015_02;meja_pid;0,127151;Unknown_5_Standard;4880875,111
VZ_15_Bil_oaks_split10_A_241015_02;meja_pid;0,127151;Unknown_6_Standard;484178,71
VZ_15_Bil_oaks_split10_A_241015_02;meja_pid;0,127151;(Z)-3-Hexen-1-ol_acetate_Standard;2904522,118
VZ_15_Bil_oaks_split10_A_241015_02;meja_pid;0,127151;Unknown_7_Standard;59149,88658
VZ_15_Bil_oaks_split10_A_241015_02;meja_pid;0,127151;Unknown_8_Standard;4463,579771
VZ_15_Bil_oaks_split10_A_241015_02;meja_pid;0,127151;2-Decen-1-ol_Standard;5947507,594
VZ_15_Bil_oaks_split10_A_241015_02;meja_pid;0,127151;Unknown_9_Standard;7467623,721
VZ_15_Bil_oaks_split10_A_241015_02;meja_pid;0,127151;Acetic_acid_Standard;5460787,749
VZ_15_Bil_oaks_split10_A_241015_02;meja_pid;0,127151;Unknown_10_Standard;10347433,45
VZ_15_Bil_oaks_split10_A_241015_02;meja_pid;0,127151;Unknown_11_Standard;1292514,613
VZ_15_Bil_oaks_split10_A_241015_02;meja_pid;0,127151;Unknown_12_Standard;11048986,34
VZ_15_Bil_oaks_split10_A_241015_02;meja_pid;0,127151;Unknown_13_Standard;1126586,614
VZ_15_Bil_oaks_split10_A_241015_02;meja_pid;0,127151;Unknown_14_Standard;404700,5652
VZ_15_Bil_oaks_split10_A_241015_02;meja_pid;0,127151;Unknown_15_Standard;680837,8256
VZ_15_Bil_oaks_split10_A_241015_02;meja_pid;0,127151;Unknown_17_Standard;877960,0717
VZ_15_Bil_oaks_split10_A_241015_02;meja_pid;0,127151;Unknown_16_Standard;2556468,517
VZ_15_Bil_oaks_split10_A_241015_02;meja_pid;0,127151;Unknown_18_Standard;48211,09191
VZ_15_Bil_oaks_split10_A_241015_02;meja_pid;0,127151;Unknown_19_Standard;81029,50855
VZ_15_Bil_oaks_split10_A_241015_02;meja_pid;0,127151;Methyl_salicilate_Standard;1595047,452
VZ_15_Bil_oaks_split10_A_241015_02;meja_pid;0,127151;Unknown_20_Standard;671455,79
VZ_15_Bil_oaks_split10_A_241015_02;meja_pid;0,127151;Unknown_21_Standard;335778,37
VZ_15_Bil_oaks_split10_A_241015_02;meja_pid;0,127151;Unknown_22_Standard;545883,919
VZ_15_Bil_oaks_split10_A_241015_02;meja_pid;0,127151;Total_Standard;65619884,86
VZ_16_Bil_oaks_split10_A_241015_02;meja_pid;0,064577;Unknown_1_Standard;45915,56604
VZ_16_Bil_oaks_split10_A_241015_02;meja_pid;0,064577;Butan-1-ol_Standard;605568,1788
VZ_16_Bil_oaks_split10_A_241015_02;meja_pid;0,064577;Unknown_2_Standard;709139,2323
VZ_16_Bil_oaks_split10_A_241015_02;meja_pid;0,064577;Unknown_3_Standard;3174257,627
VZ_16_Bil_oaks_split10_A_241015_02;meja_pid;0,064577;Unknown_4_Standard;378365,9776
VZ_16_Bil_oaks_split10_A_241015_02;meja_pid;0,064577;Unknown_5_Standard;9088797,59
VZ_16_Bil_oaks_split10_A_241015_02;meja_pid;0,064577;Unknown_6_Standard;1108723,089
VZ_16_Bil_oaks_split10_A_241015_02;meja_pid;0,064577;(Z)-3-Hexen-1-ol_acetate_Standard;5507428,997
VZ_16_Bil_oaks_split10_A_241015_02;meja_pid;0,064577;Unknown_7_Standard;63310,28239
VZ_16_Bil_oaks_split10_A_241015_02;meja_pid;0,064577;Unknown_8_Standard;1548,538953
VZ_16_Bil_oaks_split10_A_241015_02;meja_pid;0,064577;2-Decen-1-ol_Standard;12015731
VZ_16_Bil_oaks_split10_A_241015_02;meja_pid;0,064577;Unknown_9_Standard;24278646,94
VZ_16_Bil_oaks_split10_A_241015_02;meja_pid;0,064577;Acetic_acid_Standard;11098448,14
VZ_16_Bil_oaks_split10_A_241015_02;meja_pid;0,064577;Unknown_10_Standard;36604580,93
VZ_16_Bil_oaks_split10_A_241015_02;meja_pid;0,064577;Unknown_11_Standard;303362,8369
VZ_16_Bil_oaks_split10_A_241015_02;meja_pid;0,064577;Unknown_12_Standard;18387172,24
VZ_16_Bil_oaks_split10_A_241015_02;meja_pid;0,064577;Unknown_13_Standard;2873062,398
VZ_16_Bil_oaks_split10_A_241015_02;meja_pid;0,064577;Unknown_14_Standard;1347085,983
VZ_16_Bil_oaks_split10_A_241015_02;meja_pid;0,064577;Unknown_15_Standard;2735711,153
VZ_16_Bil_oaks_split10_A_241015_02;meja_pid;0,064577;Unknown_17_Standard;3958080,114
VZ_16_Bil_oaks_split10_A_241015_02;meja_pid;0,064577;Unknown_16_Standard;10226817,33
VZ_16_Bil_oaks_split10_A_241015_02;meja_pid;0,064577;Unknown_18_Standard;142270,8327
VZ_16_Bil_oaks_split10_A_241015_02;meja_pid;0,064577;Unknown_19_Standard;169082,0881
VZ_16_Bil_oaks_split10_A_241015_02;meja_pid;0,064577;Methyl_salicilate_Standard;30110151,41
VZ_16_Bil_oaks_split10_A_241015_02;meja_pid;0,064577;Unknown_20_Standard;1714064,331
VZ_16_Bil_oaks_split10_A_241015_02;meja_pid;0,064577;Unknown_21_Standard;840733,5163
VZ_16_Bil_oaks_split10_A_241015_02;meja_pid;0,064577;Unknown_22_Standard;2698693,545
VZ_16_Bil_oaks_split10_A_241015_02;meja_pid;0,064577;Total_Standard;180186749,9
VZ_17_Bil_oaks_split10_A_241015_02;kontr_ostruh;0,138142;Unknown_1_Standard;40586,32134
VZ_17_Bil_oaks_split10_A_241015_02;kontr_ostruh;0,138142;Butan-1-ol_Standard;212425,8003
VZ_17_Bil_oaks_split10_A_241015_02;kontr_ostruh;0,138142;Unknown_2_Standard;310921,3089
VZ_17_Bil_oaks_split10_A_241015_02;kontr_ostruh;0,138142;Unknown_3_Standard;832771,1239
VZ_17_Bil_oaks_split10_A_241015_02;kontr_ostruh;0,138142;Unknown_4_Standard;227629,0206
VZ_17_Bil_oaks_split10_A_241015_02;kontr_ostruh;0,138142;Unknown_5_Standard;5157928,73
VZ_17_Bil_oaks_split10_A_241015_02;kontr_ostruh;0,138142;Unknown_6_Standard;337724,7908
VZ_17_Bil_oaks_split10_A_241015_02;kontr_ostruh;0,138142;(Z)-3-Hexen-1-ol_acetate_Standard;3091545,78
VZ_17_Bil_oaks_split10_A_241015_02;kontr_ostruh;0,138142;Unknown_7_Standard;31545,00251
VZ_17_Bil_oaks_split10_A_241015_02;kontr_ostruh;0,138142;Unknown_8_Standard;3290,205243
VZ_17_Bil_oaks_split10_A_241015_02;kontr_ostruh;0,138142;2-Decen-1-ol_Standard;5242717,328
VZ_17_Bil_oaks_split10_A_241015_02;kontr_ostruh;0,138142;Unknown_9_Standard;4874945,063
VZ_17_Bil_oaks_split10_A_241015_02;kontr_ostruh;0,138142;Acetic_acid_Standard;3717864,327
VZ_17_Bil_oaks_split10_A_241015_02;kontr_ostruh;0,138142;Unknown_10_Standard;11546460,38
VZ_17_Bil_oaks_split10_A_241015_02;kontr_ostruh;0,138142;Unknown_11_Standard;78622,96461
VZ_17_Bil_oaks_split10_A_241015_02;kontr_ostruh;0,138142;Unknown_12_Standard;5792751,777
VZ_17_Bil_oaks_split10_A_241015_02;kontr_ostruh;0,138142;Unknown_13_Standard;833365,7235
VZ_17_Bil_oaks_split10_A_241015_02;kontr_ostruh;0,138142;Unknown_14_Standard;578251,6854
VZ_17_Bil_oaks_split10_A_241015_02;kontr_ostruh;0,138142;Unknown_15_Standard;791398,9392
VZ_17_Bil_oaks_split10_A_241015_02;kontr_ostruh;0,138142;Unknown_17_Standard;900001,7005
VZ_17_Bil_oaks_split10_A_241015_02;kontr_ostruh;0,138142;Unknown_16_Standard;4210691,829
VZ_17_Bil_oaks_split10_A_241015_02;kontr_ostruh;0,138142;Unknown_18_Standard;305957,0594
VZ_17_Bil_oaks_split10_A_241015_02;kontr_ostruh;0,138142;Unknown_19_Standard;94577,42853
VZ_17_Bil_oaks_split10_A_241015_02;kontr_ostruh;0,138142;Methyl_salicilate_Standard;2515960,563
VZ_17_Bil_oaks_split10_A_241015_02;kontr_ostruh;0,138142;Unknown_20_Standard;531503,9062
VZ_17_Bil_oaks_split10_A_241015_02;kontr_ostruh;0,138142;Unknown_21_Standard;366509,3701
VZ_17_Bil_oaks_split10_A_241015_02;kontr_ostruh;0,138142;Unknown_22_Standard;323668,5121
VZ_17_Bil_oaks_split10_A_241015_02;kontr_ostruh;0,138142;Total_Standard;52951616,63
VZ_18_Bil_oaks_split10_A_241015_02;kontr_ostruh;0,122486;Unknown_1_Standard;69709,53634
VZ_18_Bil_oaks_split10_A_241015_02;kontr_ostruh;0,122486;Butan-1-ol_Standard;5165311,609
VZ_18_Bil_oaks_split10_A_241015_02;kontr_ostruh;0,122486;Unknown_2_Standard;494260,5976
VZ_18_Bil_oaks_split10_A_241015_02;kontr_ostruh;0,122486;Unknown_3_Standard;1574359,275
VZ_18_Bil_oaks_split10_A_241015_02;kontr_ostruh;0,122486;Unknown_4_Standard;356961,5032
VZ_18_Bil_oaks_split10_A_241015_02;kontr_ostruh;0,122486;Unknown_5_Standard;5372739,133
VZ_18_Bil_oaks_split10_A_241015_02;kontr_ostruh;0,122486;Unknown_6_Standard;512391,8691
VZ_18_Bil_oaks_split10_A_241015_02;kontr_ostruh;0,122486;(Z)-3-Hexen-1-ol_acetate_Standard;603304,3128
VZ_18_Bil_oaks_split10_A_241015_02;kontr_ostruh;0,122486;Unknown_7_Standard;52439,48055
VZ_18_Bil_oaks_split10_A_241015_02;kontr_ostruh;0,122486;Unknown_8_Standard;4245,0026
VZ_18_Bil_oaks_split10_A_241015_02;kontr_ostruh;0,122486;2-Decen-1-ol_Standard;4882125,215
VZ_18_Bil_oaks_split10_A_241015_02;kontr_ostruh;0,122486;Unknown_9_Standard;6515183,301
VZ_18_Bil_oaks_split10_A_241015_02;kontr_ostruh;0,122486;Acetic_acid_Standard;4043730,361
VZ_18_Bil_oaks_split10_A_241015_02;kontr_ostruh;0,122486;Unknown_10_Standard;8138951,254
VZ_18_Bil_oaks_split10_A_241015_02;kontr_ostruh;0,122486;Unknown_11_Standard;37471,89266
VZ_18_Bil_oaks_split10_A_241015_02;kontr_ostruh;0,122486;Unknown_12_Standard;5967319,8
VZ_18_Bil_oaks_split10_A_241015_02;kontr_ostruh;0,122486;Unknown_13_Standard;965234,0021
VZ_18_Bil_oaks_split10_A_241015_02;kontr_ostruh;0,122486;Unknown_14_Standard;325576,5663
VZ_18_Bil_oaks_split10_A_241015_02;kontr_ostruh;0,122486;Unknown_15_Standard;583869,4837
VZ_18_Bil_oaks_split10_A_241015_02;kontr_ostruh;0,122486;Unknown_17_Standard;1254454,499
VZ_18_Bil_oaks_split10_A_241015_02;kontr_ostruh;0,122486;Unknown_16_Standard;2005874,601
VZ_18_Bil_oaks_split10_A_241015_02;kontr_ostruh;0,122486;Unknown_18_Standard;648856,2519
VZ_18_Bil_oaks_split10_A_241015_02;kontr_ostruh;0,122486;Unknown_19_Standard;211139,7539
VZ_18_Bil_oaks_split10_A_241015_02;kontr_ostruh;0,122486;Methyl_salicilate_Standard;5470855999
VZ_18_Bil_oaks_split10_A_241015_02;kontr_ostruh;0,122486;Unknown_20_Standard;358159,5357
VZ_18_Bil_oaks_split10_A_241015_02;kontr_ostruh;0,122486;Unknown_21_Standard;292343,0622
VZ_18_Bil_oaks_split10_A_241015_02;kontr_ostruh;0,122486;Unknown_22_Standard;607079,5285
VZ_18_Bil_oaks_split10_A_241015_02;kontr_ostruh;0,122486;Total_Standard;5521899091
VZ_19_Bil_oaks_split10_A_241015_02;kontr_ostruh;0,171706;Unknown_1_Standard;30768,02208
VZ_19_Bil_oaks_split10_A_241015_02;kontr_ostruh;0,171706;Butan-1-ol_Standard;5873427,564
VZ_19_Bil_oaks_split10_A_241015_02;kontr_ostruh;0,171706;Unknown_2_Standard;270559,2513
VZ_19_Bil_oaks_split10_A_241015_02;kontr_ostruh;0,171706;Unknown_3_Standard;1008455,761
VZ_19_Bil_oaks_split10_A_241015_02;kontr_ostruh;0,171706;Unknown_4_Standard;85783,89038
VZ_19_Bil_oaks_split10_A_241015_02;kontr_ostruh;0,171706;Unknown_5_Standard;3161467,959
VZ_19_Bil_oaks_split10_A_241015_02;kontr_ostruh;0,171706;Unknown_6_Standard;281285,3568
VZ_19_Bil_oaks_split10_A_241015_02;kontr_ostruh;0,171706;(Z)-3-Hexen-1-ol_acetate_Standard;6368772,12
VZ_19_Bil_oaks_split10_A_241015_02;kontr_ostruh;0,171706;Unknown_7_Standard;55515,52477
VZ_19_Bil_oaks_split10_A_241015_02;kontr_ostruh;0,171706;Unknown_8_Standard;5756,074959
VZ_19_Bil_oaks_split10_A_241015_02;kontr_ostruh;0,171706;2-Decen-1-ol_Standard;3875103,653
VZ_19_Bil_oaks_split10_A_241015_02;kontr_ostruh;0,171706;Unknown_9_Standard;3709828,05
VZ_19_Bil_oaks_split10_A_241015_02;kontr_ostruh;0,171706;Acetic_acid_Standard;3188096,082
VZ_19_Bil_oaks_split10_A_241015_02;kontr_ostruh;0,171706;Unknown_10_Standard;9288451,562
VZ_19_Bil_oaks_split10_A_241015_02;kontr_ostruh;0,171706;Unknown_11_Standard;60988,64537
VZ_19_Bil_oaks_split10_A_241015_02;kontr_ostruh;0,171706;Unknown_12_Standard;4086743,425
VZ_19_Bil_oaks_split10_A_241015_02;kontr_ostruh;0,171706;Unknown_13_Standard;740155,8915
VZ_19_Bil_oaks_split10_A_241015_02;kontr_ostruh;0,171706;Unknown_14_Standard;285544,7708
VZ_19_Bil_oaks_split10_A_241015_02;kontr_ostruh;0,171706;Unknown_15_Standard;597448,9728
VZ_19_Bil_oaks_split10_A_241015_02;kontr_ostruh;0,171706;Unknown_17_Standard;1534931,438
VZ_19_Bil_oaks_split10_A_241015_02;kontr_ostruh;0,171706;Unknown_16_Standard;1590070,013
VZ_19_Bil_oaks_split10_A_241015_02;kontr_ostruh;0,171706;Unknown_18_Standard;2152451,708
VZ_19_Bil_oaks_split10_A_241015_02;kontr_ostruh;0,171706;Unknown_19_Standard;1448417,613
VZ_19_Bil_oaks_split10_A_241015_02;kontr_ostruh;0,171706;Methyl_salicilate_Standard;35676063,29
VZ_19_Bil_oaks_split10_A_241015_02;kontr_ostruh;0,171706;Unknown_20_Standard;460986,7372
VZ_19_Bil_oaks_split10_A_241015_02;kontr_ostruh;0,171706;Unknown_21_Standard;258238,2397
VZ_19_Bil_oaks_split10_A_241015_02;kontr_ostruh;0,171706;Unknown_22_Standard;1212090,165
VZ_19_Bil_oaks_split10_A_241015_02;kontr_ostruh;0,171706;Total_Standard;87307401,78
VZ_20_Bil_oaks_split10_A_241015_02;kontr_ostruh;0,090724;Unknown_1_Standard;49333,02318
VZ_20_Bil_oaks_split10_A_241015_02;kontr_ostruh;0,090724;Butan-1-ol_Standard;8487805,144
VZ_20_Bil_oaks_split10_A_241015_02;kontr_ostruh;0,090724;Unknown_2_Standard;927984,2908
VZ_20_Bil_oaks_split10_A_241015_02;kontr_ostruh;0,090724;Unknown_3_Standard;1506002,454
VZ_20_Bil_oaks_split10_A_241015_02;kontr_ostruh;0,090724;Unknown_4_Standard;457109,8201
VZ_20_Bil_oaks_split10_A_241015_02;kontr_ostruh;0,090724;Unknown_5_Standard;5635750,453
VZ_20_Bil_oaks_split10_A_241015_02;kontr_ostruh;0,090724;Unknown_6_Standard;538040,1165
VZ_20_Bil_oaks_split10_A_241015_02;kontr_ostruh;0,090724;(Z)-3-Hexen-1-ol_acetate_Standard;7802820,884
VZ_20_Bil_oaks_split10_A_241015_02;kontr_ostruh;0,090724;Unknown_7_Standard;67586,16023
VZ_20_Bil_oaks_split10_A_241015_02;kontr_ostruh;0,090724;Unknown_8_Standard;1102,244169
VZ_20_Bil_oaks_split10_A_241015_02;kontr_ostruh;0,090724;2-Decen-1-ol_Standard;7221464,436
VZ_20_Bil_oaks_split10_A_241015_02;kontr_ostruh;0,090724;Unknown_9_Standard;6785105,303
VZ_20_Bil_oaks_split10_A_241015_02;kontr_ostruh;0,090724;Acetic_acid_Standard;4909799,608
VZ_20_Bil_oaks_split10_A_241015_02;kontr_ostruh;0,090724;Unknown_10_Standard;17285698,07
VZ_20_Bil_oaks_split10_A_241015_02;kontr_ostruh;0,090724;Unknown_11_Standard;40250,91964
VZ_20_Bil_oaks_split10_A_241015_02;kontr_ostruh;0,090724;Unknown_12_Standard;6054372,765
VZ_20_Bil_oaks_split10_A_241015_02;kontr_ostruh;0,090724;Unknown_13_Standard;1082349,74
VZ_20_Bil_oaks_split10_A_241015_02;kontr_ostruh;0,090724;Unknown_14_Standard;459433,5568
VZ_20_Bil_oaks_split10_A_241015_02;kontr_ostruh;0,090724;Unknown_15_Standard;734713,9263
VZ_20_Bil_oaks_split10_A_241015_02;kontr_ostruh;0,090724;Unknown_17_Standard;1747639,934
VZ_20_Bil_oaks_split10_A_241015_02;kontr_ostruh;0,090724;Unknown_16_Standard;3670695,295
VZ_20_Bil_oaks_split10_A_241015_02;kontr_ostruh;0,090724;Unknown_18_Standard;88041,81015
VZ_20_Bil_oaks_split10_A_241015_02;kontr_ostruh;0,090724;Unknown_19_Standard;149198,4481
VZ_20_Bil_oaks_split10_A_241015_02;kontr_ostruh;0,090724;Methyl_salicilate_Standard;19155248,53
VZ_20_Bil_oaks_split10_A_241015_02;kontr_ostruh;0,090724;Unknown_20_Standard;829376,8189
VZ_20_Bil_oaks_split10_A_241015_02;kontr_ostruh;0,090724;Unknown_21_Standard;37706,09996
VZ_20_Bil_oaks_split10_A_241015_02;kontr_ostruh;0,090724;Unknown_22_Standard;2880009,449
VZ_20_Bil_oaks_split10_A_241015_02;kontr_ostruh;0,090724;Total_Standard;98604639,3
VZ_21_Bil_oaks_split10_A_241015_02;kontr_ostruh;0,126017;Unknown_1_Standard;28478,61314
VZ_21_Bil_oaks_split10_A_241015_02;kontr_ostruh;0,126017;Butan-1-ol_Standard;5252046,575
VZ_21_Bil_oaks_split10_A_241015_02;kontr_ostruh;0,126017;Unknown_2_Standard;219229,3406
VZ_21_Bil_oaks_split10_A_241015_02;kontr_ostruh;0,126017;Unknown_3_Standard;3566389
VZ_21_Bil_oaks_split10_A_241015_02;kontr_ostruh;0,126017;Unknown_4_Standard;1012473,481
VZ_21_Bil_oaks_split10_A_241015_02;kontr_ostruh;0,126017;Unknown_5_Standard;4508924,203
VZ_21_Bil_oaks_split10_A_241015_02;kontr_ostruh;0,126017;Unknown_6_Standard;1145827,07
VZ_21_Bil_oaks_split10_A_241015_02;kontr_ostruh;0,126017;(Z)-3-Hexen-1-ol_acetate_Standard;3858686,006
VZ_21_Bil_oaks_split10_A_241015_02;kontr_ostruh;0,126017;Unknown_7_Standard;73022,99089
VZ_21_Bil_oaks_split10_A_241015_02;kontr_ostruh;0,126017;Unknown_8_Standard;793,5437282
VZ_21_Bil_oaks_split10_A_241015_02;kontr_ostruh;0,126017;2-Decen-1-ol_Standard;9502012,132
VZ_21_Bil_oaks_split10_A_241015_02;kontr_ostruh;0,126017;Unknown_9_Standard;9865143,158
VZ_21_Bil_oaks_split10_A_241015_02;kontr_ostruh;0,126017;Acetic_acid_Standard;3201979,586
VZ_21_Bil_oaks_split10_A_241015_02;kontr_ostruh;0,126017;Unknown_10_Standard;15250930,95
VZ_21_Bil_oaks_split10_A_241015_02;kontr_ostruh;0,126017;Unknown_11_Standard;6521,006929
VZ_21_Bil_oaks_split10_A_241015_02;kontr_ostruh;0,126017;Unknown_12_Standard;5649995,183
VZ_21_Bil_oaks_split10_A_241015_02;kontr_ostruh;0,126017;Unknown_13_Standard;692747,84
VZ_21_Bil_oaks_split10_A_241015_02;kontr_ostruh;0,126017;Unknown_14_Standard;196477,4553
VZ_21_Bil_oaks_split10_A_241015_02;kontr_ostruh;0,126017;Unknown_15_Standard;1459233,525
VZ_21_Bil_oaks_split10_A_241015_02;kontr_ostruh;0,126017;Unknown_17_Standard;3009968,867
VZ_21_Bil_oaks_split10_A_241015_02;kontr_ostruh;0,126017;Unknown_16_Standard;8078166,464
VZ_21_Bil_oaks_split10_A_241015_02;kontr_ostruh;0,126017;Unknown_18_Standard;65386,69819
VZ_21_Bil_oaks_split10_A_241015_02;kontr_ostruh;0,126017;Unknown_19_Standard;80594,63769
VZ_21_Bil_oaks_split10_A_241015_02;kontr_ostruh;0,126017;Methyl_salicilate_Standard;2299479,35
VZ_21_Bil_oaks_split10_A_241015_02;kontr_ostruh;0,126017;Unknown_20_Standard;1159024,923
VZ_21_Bil_oaks_split10_A_241015_02;kontr_ostruh;0,126017;Unknown_21_Standard;325389,7702
VZ_21_Bil_oaks_split10_A_241015_02;kontr_ostruh;0,126017;Unknown_22_Standard;1019032,239
VZ_21_Bil_oaks_split10_A_241015_02;kontr_ostruh;0,126017;Total_Standard;81527954,61
VZ_22_Bil_oaks_split10_A_241015_02;kontr_ostruh;0,11457;Unknown_1_Standard;126948,0453
VZ_22_Bil_oaks_split10_A_241015_02;kontr_ostruh;0,11457;Butan-1-ol_Standard;17279088,55
VZ_22_Bil_oaks_split10_A_241015_02;kontr_ostruh;0,11457;Unknown_2_Standard;474558,0202
VZ_22_Bil_oaks_split10_A_241015_02;kontr_ostruh;0,11457;Unknown_3_Standard;2141345,993
VZ_22_Bil_oaks_split10_A_241015_02;kontr_ostruh;0,11457;Unknown_4_Standard;682549,5858
VZ_22_Bil_oaks_split10_A_241015_02;kontr_ostruh;0,11457;Unknown_5_Standard;3914413,066
VZ_22_Bil_oaks_split10_A_241015_02;kontr_ostruh;0,11457;Unknown_6_Standard;797740,6729
VZ_22_Bil_oaks_split10_A_241015_02;kontr_ostruh;0,11457;(Z)-3-Hexen-1-ol_acetate_Standard;9808757,041
VZ_22_Bil_oaks_split10_A_241015_02;kontr_ostruh;0,11457;Unknown_7_Standard;29291,9093
VZ_22_Bil_oaks_split10_A_241015_02;kontr_ostruh;0,11457;Unknown_8_Standard;7919,98408
VZ_22_Bil_oaks_split10_A_241015_02;kontr_ostruh;0,11457;2-Decen-1-ol_Standard;7554006,352
VZ_22_Bil_oaks_split10_A_241015_02;kontr_ostruh;0,11457;Unknown_9_Standard;9853535,886
VZ_22_Bil_oaks_split10_A_241015_02;kontr_ostruh;0,11457;Acetic_acid_Standard;4394001,37
VZ_22_Bil_oaks_split10_A_241015_02;kontr_ostruh;0,11457;Unknown_10_Standard;20114571,46
VZ_22_Bil_oaks_split10_A_241015_02;kontr_ostruh;0,11457;Unknown_11_Standard;10554211,5
VZ_22_Bil_oaks_split10_A_241015_02;kontr_ostruh;0,11457;Unknown_12_Standard;4369852,117
VZ_22_Bil_oaks_split10_A_241015_02;kontr_ostruh;0,11457;Unknown_13_Standard;744119,2894
VZ_22_Bil_oaks_split10_A_241015_02;kontr_ostruh;0,11457;Unknown_14_Standard;502456,7814
VZ_22_Bil_oaks_split10_A_241015_02;kontr_ostruh;0,11457;Unknown_15_Standard;1338685,02
VZ_22_Bil_oaks_split10_A_241015_02;kontr_ostruh;0,11457;Unknown_17_Standard;3913620,589
VZ_22_Bil_oaks_split10_A_241015_02;kontr_ostruh;0,11457;Unknown_16_Standard;10551155,17
VZ_22_Bil_oaks_split10_A_241015_02;kontr_ostruh;0,11457;Unknown_18_Standard;159562,9912
VZ_22_Bil_oaks_split10_A_241015_02;kontr_ostruh;0,11457;Unknown_19_Standard;252473,0672
VZ_22_Bil_oaks_split10_A_241015_02;kontr_ostruh;0,11457;Methyl_salicilate_Standard;8006405,378
VZ_22_Bil_oaks_split10_A_241015_02;kontr_ostruh;0,11457;Unknown_20_Standard;1290316,58
VZ_22_Bil_oaks_split10_A_241015_02;kontr_ostruh;0,11457;Unknown_21_Standard;304944,953
VZ_22_Bil_oaks_split10_A_241015_02;kontr_ostruh;0,11457;Unknown_22_Standard;2484128,941
VZ_22_Bil_oaks_split10_A_241015_02;kontr_ostruh;0,11457;Total_Standard;121650660,3
VZ_23_Bil_oaks_split10_A_241015_02;kontr_ostruh;0,117716;Unknown_1_Standard;261708,1266
VZ_23_Bil_oaks_split10_A_241015_02;kontr_ostruh;0,117716;Butan-1-ol_Standard;2126592,791
VZ_23_Bil_oaks_split10_A_241015_02;kontr_ostruh;0,117716;Unknown_2_Standard;128204,736
VZ_23_Bil_oaks_split10_A_241015_02;kontr_ostruh;0,117716;Unknown_3_Standard;1293348,109
VZ_23_Bil_oaks_split10_A_241015_02;kontr_ostruh;0,117716;Unknown_4_Standard;254375,5989
VZ_23_Bil_oaks_split10_A_241015_02;kontr_ostruh;0,117716;Unknown_5_Standard;3808527,035
VZ_23_Bil_oaks_split10_A_241015_02;kontr_ostruh;0,117716;Unknown_6_Standard;495967,2112
VZ_23_Bil_oaks_split10_A_241015_02;kontr_ostruh;0,117716;(Z)-3-Hexen-1-ol_acetate_Standard;6647025,925
VZ_23_Bil_oaks_split10_A_241015_02;kontr_ostruh;0,117716;Unknown_7_Standard;10740,74979
VZ_23_Bil_oaks_split10_A_241015_02;kontr_ostruh;0,117716;Unknown_8_Standard;5293,609779
VZ_23_Bil_oaks_split10_A_241015_02;kontr_ostruh;0,117716;2-Decen-1-ol_Standard;4464980,375
VZ_23_Bil_oaks_split10_A_241015_02;kontr_ostruh;0,117716;Unknown_9_Standard;8653790,58
VZ_23_Bil_oaks_split10_A_241015_02;kontr_ostruh;0,117716;Acetic_acid_Standard;4463105,432
VZ_23_Bil_oaks_split10_A_241015_02;kontr_ostruh;0,117716;Unknown_10_Standard;16062177
VZ_23_Bil_oaks_split10_A_241015_02;kontr_ostruh;0,117716;Unknown_11_Standard;1316033,494
VZ_23_Bil_oaks_split10_A_241015_02;kontr_ostruh;0,117716;Unknown_12_Standard;5062264,424
VZ_23_Bil_oaks_split10_A_241015_02;kontr_ostruh;0,117716;Unknown_13_Standard;801255,5591
VZ_23_Bil_oaks_split10_A_241015_02;kontr_ostruh;0,117716;Unknown_14_Standard;388000,9142
VZ_23_Bil_oaks_split10_A_241015_02;kontr_ostruh;0,117716;Unknown_15_Standard;753518,3973
VZ_23_Bil_oaks_split10_A_241015_02;kontr_ostruh;0,117716;Unknown_17_Standard;1647510,508
VZ_23_Bil_oaks_split10_A_241015_02;kontr_ostruh;0,117716;Unknown_16_Standard;3832831,491
VZ_23_Bil_oaks_split10_A_241015_02;kontr_ostruh;0,117716;Unknown_18_Standard;546982,0267
VZ_23_Bil_oaks_split10_A_241015_02;kontr_ostruh;0,117716;Unknown_19_Standard;240058,408
VZ_23_Bil_oaks_split10_A_241015_02;kontr_ostruh;0,117716;Methyl_salicilate_Standard;1599767,949
VZ_23_Bil_oaks_split10_A_241015_02;kontr_ostruh;0,117716;Unknown_20_Standard;691647,979
VZ_23_Bil_oaks_split10_A_241015_02;kontr_ostruh;0,117716;Unknown_21_Standard;255010,9523
VZ_23_Bil_oaks_split10_A_241015_02;kontr_ostruh;0,117716;Unknown_22_Standard;1679791,329
VZ_23_Bil_oaks_split10_A_241015_02;kontr_ostruh;0,117716;Total_Standard;67490510,71
VZ_24_Bil_oaks_split10_A_241015_02;kontr_ostruh;0,116619;Unknown_1_Standard;60632,16125
VZ_24_Bil_oaks_split10_A_241015_02;kontr_ostruh;0,116619;Butan-1-ol_Standard;13492523,68
VZ_24_Bil_oaks_split10_A_241015_02;kontr_ostruh;0,116619;Unknown_2_Standard;145475,9623
VZ_24_Bil_oaks_split10_A_241015_02;kontr_ostruh;0,116619;Unknown_3_Standard;1350458,857
VZ_24_Bil_oaks_split10_A_241015_02;kontr_ostruh;0,116619;Unknown_4_Standard;165678,2673
VZ_24_Bil_oaks_split10_A_241015_02;kontr_ostruh;0,116619;Unknown_5_Standard;4032589,215
VZ_24_Bil_oaks_split10_A_241015_02;kontr_ostruh;0,116619;Unknown_6_Standard;337570,5484
VZ_24_Bil_oaks_split10_A_241015_02;kontr_ostruh;0,116619;(Z)-3-Hexen-1-ol_acetate_Standard;4446011,337
VZ_24_Bil_oaks_split10_A_241015_02;kontr_ostruh;0,116619;Unknown_7_Standard;30415,71561
VZ_24_Bil_oaks_split10_A_241015_02;kontr_ostruh;0,116619;Unknown_8_Standard;7764,992447
VZ_24_Bil_oaks_split10_A_241015_02;kontr_ostruh;0,116619;2-Decen-1-ol_Standard;7912523,156
VZ_24_Bil_oaks_split10_A_241015_02;kontr_ostruh;0,116619;Unknown_9_Standard;5188034,041
VZ_24_Bil_oaks_split10_A_241015_02;kontr_ostruh;0,116619;Acetic_acid_Standard;4681987,204
VZ_24_Bil_oaks_split10_A_241015_02;kontr_ostruh;0,116619;Unknown_10_Standard;17535399,3
VZ_24_Bil_oaks_split10_A_241015_02;kontr_ostruh;0,116619;Unknown_11_Standard;82019,23273
VZ_24_Bil_oaks_split10_A_241015_02;kontr_ostruh;0,116619;Unknown_12_Standard;4067774,366
VZ_24_Bil_oaks_split10_A_241015_02;kontr_ostruh;0,116619;Unknown_13_Standard;841155,21
VZ_24_Bil_oaks_split10_A_241015_02;kontr_ostruh;0,116619;Unknown_14_Standard;541317,2354
VZ_24_Bil_oaks_split10_A_241015_02;kontr_ostruh;0,116619;Unknown_15_Standard;671277,3198
VZ_24_Bil_oaks_split10_A_241015_02;kontr_ostruh;0,116619;Unknown_17_Standard;2297307,992
VZ_24_Bil_oaks_split10_A_241015_02;kontr_ostruh;0,116619;Unknown_16_Standard;2141148,098
VZ_24_Bil_oaks_split10_A_241015_02;kontr_ostruh;0,116619;Unknown_18_Standard;117336,4926
VZ_24_Bil_oaks_split10_A_241015_02;kontr_ostruh;0,116619;Unknown_19_Standard;61945,07632
VZ_24_Bil_oaks_split10_A_241015_02;kontr_ostruh;0,116619;Methyl_salicilate_Standard;669669271
VZ_24_Bil_oaks_split10_A_241015_02;kontr_ostruh;0,116619;Unknown_20_Standard;970192,7224
VZ_24_Bil_oaks_split10_A_241015_02;kontr_ostruh;0,116619;Unknown_21_Standard;473850,9557
VZ_24_Bil_oaks_split10_A_241015_02;kontr_ostruh;0,116619;Unknown_22_Standard;1617934,961
VZ_24_Bil_oaks_split10_A_241015_02;kontr_ostruh;0,116619;Total_Standard;742939595,1
VZ_25_Bil_oaks_split10_A_241015_02;kontr_pid;0,132206;Unknown_1_Standard;48812,44786
VZ_25_Bil_oaks_split10_A_241015_02;kontr_pid;0,132206;Butan-1-ol_Standard;7506240,986
VZ_25_Bil_oaks_split10_A_241015_02;kontr_pid;0,132206;Unknown_2_Standard;332635,7486
VZ_25_Bil_oaks_split10_A_241015_02;kontr_pid;0,132206;Unknown_3_Standard;992364,5026
VZ_25_Bil_oaks_split10_A_241015_02;kontr_pid;0,132206;Unknown_4_Standard;296395,4391
VZ_25_Bil_oaks_split10_A_241015_02;kontr_pid;0,132206;Unknown_5_Standard;3192485,269
VZ_25_Bil_oaks_split10_A_241015_02;kontr_pid;0,132206;Unknown_6_Standard;291222,1664
VZ_25_Bil_oaks_split10_A_241015_02;kontr_pid;0,132206;(Z)-3-Hexen-1-ol_acetate_Standard;5435737,148
VZ_25_Bil_oaks_split10_A_241015_02;kontr_pid;0,132206;Unknown_7_Standard;49520,88744
VZ_25_Bil_oaks_split10_A_241015_02;kontr_pid;0,132206;Unknown_8_Standard;4914,230222
VZ_25_Bil_oaks_split10_A_241015_02;kontr_pid;0,132206;2-Decen-1-ol_Standard;6002856,348
VZ_25_Bil_oaks_split10_A_241015_02;kontr_pid;0,132206;Unknown_9_Standard;7071795,37
VZ_25_Bil_oaks_split10_A_241015_02;kontr_pid;0,132206;Acetic_acid_Standard;3782486,609
VZ_25_Bil_oaks_split10_A_241015_02;kontr_pid;0,132206;Unknown_10_Standard;13614187
VZ_25_Bil_oaks_split10_A_241015_02;kontr_pid;0,132206;Unknown_11_Standard;119323,0863
VZ_25_Bil_oaks_split10_A_241015_02;kontr_pid;0,132206;Unknown_12_Standard;5363048,6
VZ_25_Bil_oaks_split10_A_241015_02;kontr_pid;0,132206;Unknown_13_Standard;710277,1451
VZ_25_Bil_oaks_split10_A_241015_02;kontr_pid;0,132206;Unknown_14_Standard;186482,733
VZ_25_Bil_oaks_split10_A_241015_02;kontr_pid;0,132206;Unknown_15_Standard;792190,0446
VZ_25_Bil_oaks_split10_A_241015_02;kontr_pid;0,132206;Unknown_17_Standard;826873,4005
VZ_25_Bil_oaks_split10_A_241015_02;kontr_pid;0,132206;Unknown_16_Standard;2682934,238
VZ_25_Bil_oaks_split10_A_241015_02;kontr_pid;0,132206;Unknown_18_Standard;266608,9089
VZ_25_Bil_oaks_split10_A_241015_02;kontr_pid;0,132206;Unknown_19_Standard;42062,47979
VZ_25_Bil_oaks_split10_A_241015_02;kontr_pid;0,132206;Methyl_salicilate_Standard;8653187,785
VZ_25_Bil_oaks_split10_A_241015_02;kontr_pid;0,132206;Unknown_20_Standard;904663,6416
VZ_25_Bil_oaks_split10_A_241015_02;kontr_pid;0,132206;Unknown_21_Standard;257148,4929
VZ_25_Bil_oaks_split10_A_241015_02;kontr_pid;0,132206;Unknown_22_Standard;340242,1509
VZ_25_Bil_oaks_split10_A_241015_02;kontr_pid;0,132206;Total_Standard;69766696,86
VZ_26_Bil_oaks_split10_A_241015_02;kontr_pid;0,085289;Unknown_1_Standard;181792,2474
VZ_26_Bil_oaks_split10_A_241015_02;kontr_pid;0,085289;Butan-1-ol_Standard;5133346,215
VZ_26_Bil_oaks_split10_A_241015_02;kontr_pid;0,085289;Unknown_2_Standard;558247,4263
VZ_26_Bil_oaks_split10_A_241015_02;kontr_pid;0,085289;Unknown_3_Standard;13382763,78
VZ_26_Bil_oaks_split10_A_241015_02;kontr_pid;0,085289;Unknown_4_Standard;1535850,224
VZ_26_Bil_oaks_split10_A_241015_02;kontr_pid;0,085289;Unknown_5_Standard;7192735,798
VZ_26_Bil_oaks_split10_A_241015_02;kontr_pid;0,085289;Unknown_6_Standard;1439682,859
VZ_26_Bil_oaks_split10_A_241015_02;kontr_pid;0,085289;(Z)-3-Hexen-1-ol_acetate_Standard;68984137,23
VZ_26_Bil_oaks_split10_A_241015_02;kontr_pid;0,085289;Unknown_7_Standard;91519,37548
VZ_26_Bil_oaks_split10_A_241015_02;kontr_pid;0,085289;Unknown_8_Standard;1172,484142
VZ_26_Bil_oaks_split10_A_241015_02;kontr_pid;0,085289;2-Decen-1-ol_Standard;15245053,37
VZ_26_Bil_oaks_split10_A_241015_02;kontr_pid;0,085289;Unknown_9_Standard;19449593,62
VZ_26_Bil_oaks_split10_A_241015_02;kontr_pid;0,085289;Acetic_acid_Standard;4406780,886
VZ_26_Bil_oaks_split10_A_241015_02;kontr_pid;0,085289;Unknown_10_Standard;19409321,38
VZ_26_Bil_oaks_split10_A_241015_02;kontr_pid;0,085289;Unknown_11_Standard;85977,70919
VZ_26_Bil_oaks_split10_A_241015_02;kontr_pid;0,085289;Unknown_12_Standard;405636,4071
VZ_26_Bil_oaks_split10_A_241015_02;kontr_pid;0,085289;Unknown_13_Standard;1434203,373
VZ_26_Bil_oaks_split10_A_241015_02;kontr_pid;0,085289;Unknown_14_Standard;224766,1341
VZ_26_Bil_oaks_split10_A_241015_02;kontr_pid;0,085289;Unknown_15_Standard;1700053,122
VZ_26_Bil_oaks_split10_A_241015_02;kontr_pid;0,085289;Unknown_17_Standard;1979656,845
VZ_26_Bil_oaks_split10_A_241015_02;kontr_pid;0,085289;Unknown_16_Standard;11627122,95
VZ_26_Bil_oaks_split10_A_241015_02;kontr_pid;0,085289;Unknown_18_Standard;33522,68662
VZ_26_Bil_oaks_split10_A_241015_02;kontr_pid;0,085289;Unknown_19_Standard;136850,4911
VZ_26_Bil_oaks_split10_A_241015_02;kontr_pid;0,085289;Methyl_salicilate_Standard;1772900,157
VZ_26_Bil_oaks_split10_A_241015_02;kontr_pid;0,085289;Unknown_20_Standard;1174515,34
VZ_26_Bil_oaks_split10_A_241015_02;kontr_pid;0,085289;Unknown_21_Standard;560193,771
VZ_26_Bil_oaks_split10_A_241015_02;kontr_pid;0,085289;Unknown_22_Standard;757731,792
VZ_26_Bil_oaks_split10_A_241015_02;kontr_pid;0,085289;Total_Standard;178905127,7
VZ_27_Bil_oaks_split10_A_241015_02;kontr_pid;0,145497;Unknown_1_Standard;109155,9944
VZ_27_Bil_oaks_split10_A_241015_02;kontr_pid;0,145497;Butan-1-ol_Standard;993556,7702
VZ_27_Bil_oaks_split10_A_241015_02;kontr_pid;0,145497;Unknown_2_Standard;205556,6984
VZ_27_Bil_oaks_split10_A_241015_02;kontr_pid;0,145497;Unknown_3_Standard;702130,478
VZ_27_Bil_oaks_split10_A_241015_02;kontr_pid;0,145497;Unknown_4_Standard;253131,8389
VZ_27_Bil_oaks_split10_A_241015_02;kontr_pid;0,145497;Unknown_5_Standard;2870570,764
VZ_27_Bil_oaks_split10_A_241015_02;kontr_pid;0,145497;Unknown_6_Standard;341847,6651
VZ_27_Bil_oaks_split10_A_241015_02;kontr_pid;0,145497;(Z)-3-Hexen-1-ol_acetate_Standard;5698421,059
VZ_27_Bil_oaks_split10_A_241015_02;kontr_pid;0,145497;Unknown_7_Standard;19052,70703
VZ_27_Bil_oaks_split10_A_241015_02;kontr_pid;0,145497;Unknown_8_Standard;687,2993945
VZ_27_Bil_oaks_split10_A_241015_02;kontr_pid;0,145497;2-Decen-1-ol_Standard;3980099,257
VZ_27_Bil_oaks_split10_A_241015_02;kontr_pid;0,145497;Unknown_9_Standard;5597615,768
VZ_27_Bil_oaks_split10_A_241015_02;kontr_pid;0,145497;Acetic_acid_Standard;2954391,906
VZ_27_Bil_oaks_split10_A_241015_02;kontr_pid;0,145497;Unknown_10_Standard;15222622,25
VZ_27_Bil_oaks_split10_A_241015_02;kontr_pid;0,145497;Unknown_11_Standard;8682,982496
VZ_27_Bil_oaks_split10_A_241015_02;kontr_pid;0,145497;Unknown_12_Standard;4678863,044
VZ_27_Bil_oaks_split10_A_241015_02;kontr_pid;0,145497;Unknown_13_Standard;554123,9267
VZ_27_Bil_oaks_split10_A_241015_02;kontr_pid;0,145497;Unknown_14_Standard;220682,6511
VZ_27_Bil_oaks_split10_A_241015_02;kontr_pid;0,145497;Unknown_15_Standard;637214,9314
VZ_27_Bil_oaks_split10_A_241015_02;kontr_pid;0,145497;Unknown_17_Standard;1279824,667
VZ_27_Bil_oaks_split10_A_241015_02;kontr_pid;0,145497;Unknown_16_Standard;2729596,189
VZ_27_Bil_oaks_split10_A_241015_02;kontr_pid;0,145497;Unknown_18_Standard;34632,77651
VZ_27_Bil_oaks_split10_A_241015_02;kontr_pid;0,145497;Unknown_19_Standard;46796,70359
VZ_27_Bil_oaks_split10_A_241015_02;kontr_pid;0,145497;Methyl_salicilate_Standard;17733339,07
VZ_27_Bil_oaks_split10_A_241015_02;kontr_pid;0,145497;Unknown_20_Standard;641704,735
VZ_27_Bil_oaks_split10_A_241015_02;kontr_pid;0,145497;Unknown_21_Standard;236009,0771
VZ_27_Bil_oaks_split10_A_241015_02;kontr_pid;0,145497;Unknown_22_Standard;716504,4053
VZ_27_Bil_oaks_split10_A_241015_02;kontr_pid;0,145497;Total_Standard;68466815,62
VZ_28_Bil_oaks_split10_A_241015_02;kontr_pid;0,151896;Unknown_1_Standard;5089,778873
VZ_28_Bil_oaks_split10_A_241015_02;kontr_pid;0,151896;Butan-1-ol_Standard;7794835,799
VZ_28_Bil_oaks_split10_A_241015_02;kontr_pid;0,151896;Unknown_2_Standard;60735,11271
VZ_28_Bil_oaks_split10_A_241015_02;kontr_pid;0,151896;Unknown_3_Standard;833429,4439
VZ_28_Bil_oaks_split10_A_241015_02;kontr_pid;0,151896;Unknown_4_Standard;133991,591
VZ_28_Bil_oaks_split10_A_241015_02;kontr_pid;0,151896;Unknown_5_Standard;2464094,218
VZ_28_Bil_oaks_split10_A_241015_02;kontr_pid;0,151896;Unknown_6_Standard;363591,1449
VZ_28_Bil_oaks_split10_A_241015_02;kontr_pid;0,151896;(Z)-3-Hexen-1-ol_acetate_Standard;5172596,651
VZ_28_Bil_oaks_split10_A_241015_02;kontr_pid;0,151896;Unknown_7_Standard;17575,49921
VZ_28_Bil_oaks_split10_A_241015_02;kontr_pid;0,151896;Unknown_8_Standard;658,3451835
VZ_28_Bil_oaks_split10_A_241015_02;kontr_pid;0,151896;2-Decen-1-ol_Standard;5073064,024
VZ_28_Bil_oaks_split10_A_241015_02;kontr_pid;0,151896;Unknown_9_Standard;5377849,677
VZ_28_Bil_oaks_split10_A_241015_02;kontr_pid;0,151896;Acetic_acid_Standard;3096278,284
VZ_28_Bil_oaks_split10_A_241015_02;kontr_pid;0,151896;Unknown_10_Standard;16276305,6
VZ_28_Bil_oaks_split10_A_241015_02;kontr_pid;0,151896;Unknown_11_Standard;1434277,346
VZ_28_Bil_oaks_split10_A_241015_02;kontr_pid;0,151896;Unknown_12_Standard;3948905,618
VZ_28_Bil_oaks_split10_A_241015_02;kontr_pid;0,151896;Unknown_13_Standard;663147,9764
VZ_28_Bil_oaks_split10_A_241015_02;kontr_pid;0,151896;Unknown_14_Standard;217795,8201
VZ_28_Bil_oaks_split10_A_241015_02;kontr_pid;0,151896;Unknown_15_Standard;619835,8417
VZ_28_Bil_oaks_split10_A_241015_02;kontr_pid;0,151896;Unknown_17_Standard;1577431,969
VZ_28_Bil_oaks_split10_A_241015_02;kontr_pid;0,151896;Unknown_16_Standard;1874729,452
VZ_28_Bil_oaks_split10_A_241015_02;kontr_pid;0,151896;Unknown_18_Standard;575374,1952
VZ_28_Bil_oaks_split10_A_241015_02;kontr_pid;0,151896;Unknown_19_Standard;104997,915
VZ_28_Bil_oaks_split10_A_241015_02;kontr_pid;0,151896;Methyl_salicilate_Standard;10336016,33
VZ_28_Bil_oaks_split10_A_241015_02;kontr_pid;0,151896;Unknown_20_Standard;847428,3504
VZ_28_Bil_oaks_split10_A_241015_02;kontr_pid;0,151896;Unknown_21_Standard;217537,3917
VZ_28_Bil_oaks_split10_A_241015_02;kontr_pid;0,151896;Unknown_22_Standard;754935,7295
VZ_28_Bil_oaks_split10_A_241015_02;kontr_pid;0,151896;Total_Standard;69842509,11
VZ_29_Bil_oaks_split10_A_241015_02;kontr_pid;0,154846;Unknown_1_Standard;88409,56221
VZ_29_Bil_oaks_split10_A_241015_02;kontr_pid;0,154846;Butan-1-ol_Standard;4580436,246
VZ_29_Bil_oaks_split10_A_241015_02;kontr_pid;0,154846;Unknown_2_Standard;226245,5851
VZ_29_Bil_oaks_split10_A_241015_02;kontr_pid;0,154846;Unknown_3_Standard;784626,73
VZ_29_Bil_oaks_split10_A_241015_02;kontr_pid;0,154846;Unknown_4_Standard;163990,9604
VZ_29_Bil_oaks_split10_A_241015_02;kontr_pid;0,154846;Unknown_5_Standard;2292001,381
VZ_29_Bil_oaks_split10_A_241015_02;kontr_pid;0,154846;Unknown_6_Standard;149636,7184
VZ_29_Bil_oaks_split10_A_241015_02;kontr_pid;0,154846;(Z)-3-Hexen-1-ol_acetate_Standard;4761063,837
VZ_29_Bil_oaks_split10_A_241015_02;kontr_pid;0,154846;Unknown_7_Standard;39289,88736
VZ_29_Bil_oaks_split10_A_241015_02;kontr_pid;0,154846;Unknown_8_Standard;7137,222709
VZ_29_Bil_oaks_split10_A_241015_02;kontr_pid;0,154846;2-Decen-1-ol_Standard;4443337,262
VZ_29_Bil_oaks_split10_A_241015_02;kontr_pid;0,154846;Unknown_9_Standard;6875610,45
VZ_29_Bil_oaks_split10_A_241015_02;kontr_pid;0,154846;Acetic_acid_Standard;2895696,743
VZ_29_Bil_oaks_split10_A_241015_02;kontr_pid;0,154846;Unknown_10_Standard;15059908,38
VZ_29_Bil_oaks_split10_A_241015_02;kontr_pid;0,154846;Unknown_11_Standard;81635,62366
VZ_29_Bil_oaks_split10_A_241015_02;kontr_pid;0,154846;Unknown_12_Standard;6186709,731
VZ_29_Bil_oaks_split10_A_241015_02;kontr_pid;0,154846;Unknown_13_Standard;452167,0229
VZ_29_Bil_oaks_split10_A_241015_02;kontr_pid;0,154846;Unknown_14_Standard;232268,7627
VZ_29_Bil_oaks_split10_A_241015_02;kontr_pid;0,154846;Unknown_15_Standard;652836,3663
VZ_29_Bil_oaks_split10_A_241015_02;kontr_pid;0,154846;Unknown_17_Standard;901502,2349
VZ_29_Bil_oaks_split10_A_241015_02;kontr_pid;0,154846;Unknown_16_Standard;2066550,749
VZ_29_Bil_oaks_split10_A_241015_02;kontr_pid;0,154846;Unknown_18_Standard;235455,7108
VZ_29_Bil_oaks_split10_A_241015_02;kontr_pid;0,154846;Unknown_19_Standard;48526,49565
VZ_29_Bil_oaks_split10_A_241015_02;kontr_pid;0,154846;Methyl_salicilate_Standard;1474892,461
VZ_29_Bil_oaks_split10_A_241015_02;kontr_pid;0,154846;Unknown_20_Standard;715987,1735
VZ_29_Bil_oaks_split10_A_241015_02;kontr_pid;0,154846;Unknown_21_Standard;202006,0265
VZ_29_Bil_oaks_split10_A_241015_02;kontr_pid;0,154846;Unknown_22_Standard;408934,4436
VZ_29_Bil_oaks_split10_A_241015_02;kontr_pid;0,154846;Total_Standard;56026863,77
VZ_30_Bil_oaks_split10_A_241015_02;kontr_pid;0,14341;Unknown_1_Standard;11488,89583
VZ_30_Bil_oaks_split10_A_241015_02;kontr_pid;0,14341;Butan-1-ol_Standard;292866,6552
VZ_30_Bil_oaks_split10_A_241015_02;kontr_pid;0,14341;Unknown_2_Standard;248816,4867
VZ_30_Bil_oaks_split10_A_241015_02;kontr_pid;0,14341;Unknown_3_Standard;855568,4166
VZ_30_Bil_oaks_split10_A_241015_02;kontr_pid;0,14341;Unknown_4_Standard;95589,13461
VZ_30_Bil_oaks_split10_A_241015_02;kontr_pid;0,14341;Unknown_5_Standard;3269528,265
VZ_30_Bil_oaks_split10_A_241015_02;kontr_pid;0,14341;Unknown_6_Standard;278338,0117
VZ_30_Bil_oaks_split10_A_241015_02;kontr_pid;0,14341;(Z)-3-Hexen-1-ol_acetate_Standard;1419339,315
VZ_30_Bil_oaks_split10_A_241015_02;kontr_pid;0,14341;Unknown_7_Standard;4942,873076
VZ_30_Bil_oaks_split10_A_241015_02;kontr_pid;0,14341;Unknown_8_Standard;697,3014434
VZ_30_Bil_oaks_split10_A_241015_02;kontr_pid;0,14341;2-Decen-1-ol_Standard;4894491,375
VZ_30_Bil_oaks_split10_A_241015_02;kontr_pid;0,14341;Unknown_9_Standard;5491994,361
VZ_30_Bil_oaks_split10_A_241015_02;kontr_pid;0,14341;Acetic_acid_Standard;2598161,936
VZ_30_Bil_oaks_split10_A_241015_02;kontr_pid;0,14341;Unknown_10_Standard;12696173,58
VZ_30_Bil_oaks_split10_A_241015_02;kontr_pid;0,14341;Unknown_11_Standard;54963,00993
VZ_30_Bil_oaks_split10_A_241015_02;kontr_pid;0,14341;Unknown_12_Standard;4699492,262
VZ_30_Bil_oaks_split10_A_241015_02;kontr_pid;0,14341;Unknown_13_Standard;799503,0317
VZ_30_Bil_oaks_split10_A_241015_02;kontr_pid;0,14341;Unknown_14_Standard;401136,6561
VZ_30_Bil_oaks_split10_A_241015_02;kontr_pid;0,14341;Unknown_15_Standard;665166,4734
VZ_30_Bil_oaks_split10_A_241015_02;kontr_pid;0,14341;Unknown_17_Standard;965003,8999
VZ_30_Bil_oaks_split10_A_241015_02;kontr_pid;0,14341;Unknown_16_Standard;2961146,785
VZ_30_Bil_oaks_split10_A_241015_02;kontr_pid;0,14341;Unknown_18_Standard;123446,7542
VZ_30_Bil_oaks_split10_A_241015_02;kontr_pid;0,14341;Unknown_19_Standard;54542,99214
VZ_30_Bil_oaks_split10_A_241015_02;kontr_pid;0,14341;Methyl_salicilate_Standard;17742300,19
VZ_30_Bil_oaks_split10_A_241015_02;kontr_pid;0,14341;Unknown_20_Standard;417935,6831
VZ_30_Bil_oaks_split10_A_241015_02;kontr_pid;0,14341;Unknown_21_Standard;205641,344
VZ_30_Bil_oaks_split10_A_241015_02;kontr_pid;0,14341;Unknown_22_Standard;1338587,645
VZ_30_Bil_oaks_split10_A_241015_02;kontr_pid;0,14341;Total_Standard;62586863,34
VZ_31_Bil_oaks_split10_A_241015_02;kontr_pid;0,207857;Unknown_1_Standard;13748,21417
VZ_31_Bil_oaks_split10_A_241015_02;kontr_pid;0,207857;Butan-1-ol_Standard;862803,2094
VZ_31_Bil_oaks_split10_A_241015_02;kontr_pid;0,207857;Unknown_2_Standard;122006,8599
VZ_31_Bil_oaks_split10_A_241015_02;kontr_pid;0,207857;Unknown_3_Standard;298343,6538
VZ_31_Bil_oaks_split10_A_241015_02;kontr_pid;0,207857;Unknown_4_Standard;100413,1622
VZ_31_Bil_oaks_split10_A_241015_02;kontr_pid;0,207857;Unknown_5_Standard;1944835,926
VZ_31_Bil_oaks_split10_A_241015_02;kontr_pid;0,207857;Unknown_6_Standard;139925,2806
VZ_31_Bil_oaks_split10_A_241015_02;kontr_pid;0,207857;(Z)-3-Hexen-1-ol_acetate_Standard;1293969,183
VZ_31_Bil_oaks_split10_A_241015_02;kontr_pid;0,207857;Unknown_7_Standard;36536,24934
VZ_31_Bil_oaks_split10_A_241015_02;kontr_pid;0,207857;Unknown_8_Standard;481,099987
VZ_31_Bil_oaks_split10_A_241015_02;kontr_pid;0,207857;2-Decen-1-ol_Standard;3645781,693
VZ_31_Bil_oaks_split10_A_241015_02;kontr_pid;0,207857;Unknown_9_Standard;2752774,086
VZ_31_Bil_oaks_split10_A_241015_02;kontr_pid;0,207857;Acetic_acid_Standard;2027953,983
VZ_31_Bil_oaks_split10_A_241015_02;kontr_pid;0,207857;Unknown_10_Standard;6116616,457
VZ_31_Bil_oaks_split10_A_241015_02;kontr_pid;0,207857;Unknown_11_Standard;753144,8259
VZ_31_Bil_oaks_split10_A_241015_02;kontr_pid;0,207857;Unknown_12_Standard;1809234,731
VZ_31_Bil_oaks_split10_A_241015_02;kontr_pid;0,207857;Unknown_13_Standard;298166,5292
VZ_31_Bil_oaks_split10_A_241015_02;kontr_pid;0,207857;Unknown_14_Standard;349243,2438
VZ_31_Bil_oaks_split10_A_241015_02;kontr_pid;0,207857;Unknown_15_Standard;483940,7924
VZ_31_Bil_oaks_split10_A_241015_02;kontr_pid;0,207857;Unknown_17_Standard;476416,687
VZ_31_Bil_oaks_split10_A_241015_02;kontr_pid;0,207857;Unknown_16_Standard;1735467,582
VZ_31_Bil_oaks_split10_A_241015_02;kontr_pid;0,207857;Unknown_18_Standard;110566,3934
VZ_31_Bil_oaks_split10_A_241015_02;kontr_pid;0,207857;Unknown_19_Standard;49053,84776
VZ_31_Bil_oaks_split10_A_241015_02;kontr_pid;0,207857;Methyl_salicilate_Standard;900666,1923
VZ_31_Bil_oaks_split10_A_241015_02;kontr_pid;0,207857;Unknown_20_Standard;438326,0769
VZ_31_Bil_oaks_split10_A_241015_02;kontr_pid;0,207857;Unknown_21_Standard;282529,4393
VZ_31_Bil_oaks_split10_A_241015_02;kontr_pid;0,207857;Unknown_22_Standard;177623,5975
VZ_31_Bil_oaks_split10_A_241015_02;kontr_pid;0,207857;Total_Standard;27220569
VZ_32_Bil_oaks_split10_A_241015_02;kontr_pid;0,084762;Unknown_1_Standard;24638,53485
VZ_32_Bil_oaks_split10_A_241015_02;kontr_pid;0,084762;Butan-1-ol_Standard;4595758,281
VZ_32_Bil_oaks_split10_A_241015_02;kontr_pid;0,084762;Unknown_2_Standard;391641,1621
VZ_32_Bil_oaks_split10_A_241015_02;kontr_pid;0,084762;Unknown_3_Standard;1044072,3
VZ_32_Bil_oaks_split10_A_241015_02;kontr_pid;0,084762;Unknown_4_Standard;273479,8447
VZ_32_Bil_oaks_split10_A_241015_02;kontr_pid;0,084762;Unknown_5_Standard;4223132,683
VZ_32_Bil_oaks_split10_A_241015_02;kontr_pid;0,084762;Unknown_6_Standard;468112,2192
VZ_32_Bil_oaks_split10_A_241015_02;kontr_pid;0,084762;(Z)-3-Hexen-1-ol_acetate_Standard;5435580,615
VZ_32_Bil_oaks_split10_A_241015_02;kontr_pid;0,084762;Unknown_7_Standard;82342,22389
VZ_32_Bil_oaks_split10_A_241015_02;kontr_pid;0,084762;Unknown_8_Standard;17430,33385
VZ_32_Bil_oaks_split10_A_241015_02;kontr_pid;0,084762;2-Decen-1-ol_Standard;7027455,86
VZ_32_Bil_oaks_split10_A_241015_02;kontr_pid;0,084762;Unknown_9_Standard;6292995,721
VZ_32_Bil_oaks_split10_A_241015_02;kontr_pid;0,084762;Acetic_acid_Standard;5120657,779
VZ_32_Bil_oaks_split10_A_241015_02;kontr_pid;0,084762;Unknown_10_Standard;16434262,8
VZ_32_Bil_oaks_split10_A_241015_02;kontr_pid;0,084762;Unknown_11_Standard;1670753,708
VZ_32_Bil_oaks_split10_A_241015_02;kontr_pid;0,084762;Unknown_12_Standard;6996339,34
VZ_32_Bil_oaks_split10_A_241015_02;kontr_pid;0,084762;Unknown_13_Standard;1417889,055
VZ_32_Bil_oaks_split10_A_241015_02;kontr_pid;0,084762;Unknown_14_Standard;845171,4445
VZ_32_Bil_oaks_split10_A_241015_02;kontr_pid;0,084762;Unknown_15_Standard;614662,1817
VZ_32_Bil_oaks_split10_A_241015_02;kontr_pid;0,084762;Unknown_17_Standard;1142051,444
VZ_32_Bil_oaks_split10_A_241015_02;kontr_pid;0,084762;Unknown_16_Standard;3600911,901
VZ_32_Bil_oaks_split10_A_241015_02;kontr_pid;0,084762;Unknown_18_Standard;651959,962
VZ_32_Bil_oaks_split10_A_241015_02;kontr_pid;0,084762;Unknown_19_Standard;221238,5487
VZ_32_Bil_oaks_split10_A_241015_02;kontr_pid;0,084762;Methyl_salicilate_Standard;18509959,11
VZ_32_Bil_oaks_split10_A_241015_02;kontr_pid;0,084762;Unknown_20_Standard;770221,7054
VZ_32_Bil_oaks_split10_A_241015_02;kontr_pid;0,084762;Unknown_21_Standard;152189,5918
VZ_32_Bil_oaks_split10_A_241015_02;kontr_pid;0,084762;Unknown_22_Standard;1010224,307
VZ_32_Bil_oaks_split10_A_241015_02;kontr_pid;0,084762;Total_Standard;89035132,66
